date,capital,position_value,total_value,position,return,cum_return
2020-01-02,100000.0,0.0,100000.0,0,,
2020-01-03,100000.0,0.0,100000.0,0,0.0,0.0
2020-01-06,100000.0,0.0,100000.0,0,0.0,0.0
2020-01-07,100000.0,0.0,100000.0,0,0.0,0.0
2020-01-08,100000.0,0.0,100000.0,0,0.0,0.0
2020-01-09,100000.0,0.0,100000.0,0,0.0,0.0
2020-01-10,100000.0,0.0,100000.0,0,0.0,0.0
2020-01-13,100000.0,0.0,100000.0,0,0.0,0.0
2020-01-14,100000.0,0.0,100000.0,0,0.0,0.0
2020-01-15,100000.0,0.0,100000.0,0,0.0,0.0
2020-01-16,100000.0,0.0,100000.0,0,0.0,0.0
2020-01-17,100000.0,0.0,100000.0,0,0.0,0.0
2020-01-20,100000.0,0.0,100000.0,0,0.0,0.0
2020-01-21,100000.0,0.0,100000.0,0,0.0,0.0
2020-01-22,100000.0,0.0,100000.0,0,0.0,0.0
2020-01-23,100000.0,0.0,100000.0,0,0.0,0.0
2020-02-03,100000.0,0.0,100000.0,0,0.0,0.0
2020-02-04,21997.6063,77978.0,99975.6063,100,-0.00024393700000002738,-0.00024393700000002738
2020-02-05,21997.6063,80180.0,102177.6063,100,0.022025372803365473,0.0217760629999999
2020-02-06,21997.6063,82079.0,104076.6063,100,0.01858528564883799,0.040766062999999964
2020-02-07,21997.6063,82979.0,104976.6063,100,0.008647476431022039,0.04976606300000008
2020-02-10,21997.6063,82597.0,104594.6063,100,-0.0036389059759498465,0.04594606300000015
2020-02-11,21997.6063,83157.0,105154.6063,100,0.005354004568780546,0.0515460630000002
2020-02-12,21997.6063,85465.0,107462.6063,100,0.02194863431294114,0.07462606300000019
2020-02-13,21997.6063,85678.0,107675.6063,100,0.001982084813813012,0.07675606300000015
2020-02-14,21997.6063,85188.0,107185.6063,100,-0.004550705743274763,0.07185606300000003
2020-02-17,21997.6063,85117.0,107114.6063,100,-0.000662402373330595,0.07114606300000004
2020-02-18,21997.6063,85177.0,107174.6063,100,0.0005601476966825558,0.07174606299999997
2020-02-19,21997.6063,84677.0,106674.6063,100,-0.004665284224141808,0.06674606300000008
2020-02-20,21997.6063,86418.0,108415.6063,100,0.016320660186959657,0.08415606300000023
2020-02-21,21997.6063,87878.0,109875.6063,100,0.013466695892102365,0.09875606300000017
2020-02-24,21997.6063,85427.0,107424.6063,100,-0.022307044143245802,0.07424606300000014
2020-02-25,105636.5071,0.0,105636.5071,0,-0.01664515478889861,0.05636507100000032
2020-02-26,105636.5071,0.0,105636.5071,0,0.0,0.05636507100000032
2020-02-27,105636.5071,0.0,105636.5071,0,0.0,0.05636507100000032
2020-02-28,105636.5071,0.0,105636.5071,0,0.0,0.05636507100000032
2020-03-02,105636.5071,0.0,105636.5071,0,0.0,0.05636507100000032
2020-03-03,105636.5071,0.0,105636.5071,0,0.0,0.05636507100000032
2020-03-04,105636.5071,0.0,105636.5071,0,0.0,0.05636507100000032
2020-03-05,105636.5071,0.0,105636.5071,0,0.0,0.05636507100000032
2020-03-06,105636.5071,0.0,105636.5071,0,0.0,0.05636507100000032
2020-03-09,105636.5071,0.0,105636.5071,0,0.0,0.05636507100000032
2020-03-10,105636.5071,0.0,105636.5071,0,0.0,0.05636507100000032
2020-03-11,105636.5071,0.0,105636.5071,0,0.0,0.05636507100000032
2020-03-12,105636.5071,0.0,105636.5071,0,0.0,0.05636507100000032
2020-03-13,105636.5071,0.0,105636.5071,0,0.0,0.05636507100000032
2020-03-16,105636.5071,0.0,105636.5071,0,0.0,0.05636507100000032
2020-03-17,105636.5071,0.0,105636.5071,0,0.0,0.05636507100000032
2020-03-18,105636.5071,0.0,105636.5071,0,0.0,0.05636507100000032
2020-03-19,105636.5071,0.0,105636.5071,0,0.0,0.05636507100000032
2020-03-20,105636.5071,0.0,105636.5071,0,0.0,0.05636507100000032
2020-03-23,105636.5071,0.0,105636.5071,0,0.0,0.05636507100000032
2020-03-24,105636.5071,0.0,105636.5071,0,0.0,0.05636507100000032
2020-03-25,105636.5071,0.0,105636.5071,0,0.0,0.05636507100000032
2020-03-26,105636.5071,0.0,105636.5071,0,0.0,0.05636507100000032
2020-03-27,105636.5071,0.0,105636.5071,0,0.0,0.05636507100000032
2020-03-30,105636.5071,0.0,105636.5071,0,0.0,0.05636507100000032
2020-03-31,105636.5071,0.0,105636.5071,0,0.0,0.05636507100000032
2020-04-01,105636.5071,0.0,105636.5071,0,0.0,0.05636507100000032
2020-04-02,105636.5071,0.0,105636.5071,0,0.0,0.05636507100000032
2020-04-03,105636.5071,0.0,105636.5071,0,0.0,0.05636507100000032
2020-04-07,105636.5071,0.0,105636.5071,0,0.0,0.05636507100000032
2020-04-08,105636.5071,0.0,105636.5071,0,0.0,0.05636507100000032
2020-04-09,105636.5071,0.0,105636.5071,0,0.0,0.05636507100000032
2020-04-10,105636.5071,0.0,105636.5071,0,0.0,0.05636507100000032
2020-04-13,105636.5071,0.0,105636.5071,0,0.0,0.05636507100000032
2020-04-14,105636.5071,0.0,105636.5071,0,0.0,0.05636507100000032
2020-04-15,105636.5071,0.0,105636.5071,0,0.0,0.05636507100000032
2020-04-16,105636.5071,0.0,105636.5071,0,0.0,0.05636507100000032
2020-04-17,105636.5071,0.0,105636.5071,0,0.0,0.05636507100000032
2020-04-20,105636.5071,0.0,105636.5071,0,0.0,0.05636507100000032
2020-04-21,105636.5071,0.0,105636.5071,0,0.0,0.05636507100000032
2020-04-22,105636.5071,0.0,105636.5071,0,0.0,0.05636507100000032
2020-04-23,105636.5071,0.0,105636.5071,0,0.0,0.05636507100000032
2020-04-24,105636.5071,0.0,105636.5071,0,0.0,0.05636507100000032
2020-04-27,105636.5071,0.0,105636.5071,0,0.0,0.05636507100000032
2020-04-28,105636.5071,0.0,105636.5071,0,0.0,0.05636507100000032
2020-04-29,105636.5071,0.0,105636.5071,0,0.0,0.05636507100000032
2020-04-30,105636.5071,0.0,105636.5071,0,0.0,0.05636507100000032
2020-05-06,105636.5071,0.0,105636.5071,0,0.0,0.05636507100000032
2020-05-07,105636.5071,0.0,105636.5071,0,0.0,0.05636507100000032
2020-05-08,105636.5071,0.0,105636.5071,0,0.0,0.05636507100000032
2020-05-11,105636.5071,0.0,105636.5071,0,0.0,0.05636507100000032
2020-05-12,105636.5071,0.0,105636.5071,0,0.0,0.05636507100000032
2020-05-13,105636.5071,0.0,105636.5071,0,0.0,0.05636507100000032
2020-05-14,105636.5071,0.0,105636.5071,0,0.0,0.05636507100000032
2020-05-15,105636.5071,0.0,105636.5071,0,0.0,0.05636507100000032
2020-05-18,105636.5071,0.0,105636.5071,0,0.0,0.05636507100000032
2020-05-19,105636.5071,0.0,105636.5071,0,0.0,0.05636507100000032
2020-05-20,105636.5071,0.0,105636.5071,0,0.0,0.05636507100000032
2020-05-21,105636.5071,0.0,105636.5071,0,0.0,0.05636507100000032
2020-05-22,105636.5071,0.0,105636.5071,0,0.0,0.05636507100000032
2020-05-25,105636.5071,0.0,105636.5071,0,0.0,0.05636507100000032
2020-05-26,105636.5071,0.0,105636.5071,0,0.0,0.05636507100000032
2020-05-27,105636.5071,0.0,105636.5071,0,0.0,0.05636507100000032
2020-05-28,105636.5071,0.0,105636.5071,0,0.0,0.05636507100000032
2020-05-29,105636.5071,0.0,105636.5071,0,0.0,0.05636507100000032
2020-06-01,105636.5071,0.0,105636.5071,0,0.0,0.05636507100000032
2020-06-02,105636.5071,0.0,105636.5071,0,0.0,0.05636507100000032
2020-06-03,105636.5071,0.0,105636.5071,0,0.0,0.05636507100000032
2020-06-04,105636.5071,0.0,105636.5071,0,0.0,0.05636507100000032
2020-06-05,105636.5071,0.0,105636.5071,0,0.0,0.05636507100000032
2020-06-08,105636.5071,0.0,105636.5071,0,0.0,0.05636507100000032
2020-06-09,105636.5071,0.0,105636.5071,0,0.0,0.05636507100000032
2020-06-10,105636.5071,0.0,105636.5071,0,0.0,0.05636507100000032
2020-06-11,105636.5071,0.0,105636.5071,0,0.0,0.05636507100000032
2020-06-12,105636.5071,0.0,105636.5071,0,0.0,0.05636507100000032
2020-06-15,105636.5071,0.0,105636.5071,0,0.0,0.05636507100000032
2020-06-16,105636.5071,0.0,105636.5071,0,0.0,0.05636507100000032
2020-06-17,105636.5071,0.0,105636.5071,0,0.0,0.05636507100000032
2020-06-18,105636.5071,0.0,105636.5071,0,0.0,0.05636507100000032
2020-06-19,105636.5071,0.0,105636.5071,0,0.0,0.05636507100000032
2020-06-22,105636.5071,0.0,105636.5071,0,0.0,0.05636507100000032
2020-06-23,105636.5071,0.0,105636.5071,0,0.0,0.05636507100000032
2020-06-24,105636.5071,0.0,105636.5071,0,0.0,0.05636507100000032
2020-06-29,105636.5071,0.0,105636.5071,0,0.0,0.05636507100000032
2020-06-30,105636.5071,0.0,105636.5071,0,0.0,0.05636507100000032
2020-07-01,105636.5071,0.0,105636.5071,0,0.0,0.05636507100000032
2020-07-02,105636.5071,0.0,105636.5071,0,0.0,0.05636507100000032
2020-07-03,105636.5071,0.0,105636.5071,0,0.0,0.05636507100000032
2020-07-06,105636.5071,0.0,105636.5071,0,0.0,0.05636507100000032
2020-07-07,105636.5071,0.0,105636.5071,0,0.0,0.05636507100000032
2020-07-08,105636.5071,0.0,105636.5071,0,0.0,0.05636507100000032
2020-07-09,105636.5071,0.0,105636.5071,0,0.0,0.05636507100000032
2020-07-10,105636.5071,0.0,105636.5071,0,0.0,0.05636507100000032
2020-07-13,105636.5071,0.0,105636.5071,0,0.0,0.05636507100000032
2020-07-14,105636.5071,0.0,105636.5071,0,0.0,0.05636507100000032
2020-07-15,105636.5071,0.0,105636.5071,0,0.0,0.05636507100000032
2020-07-16,105636.5071,0.0,105636.5071,0,0.0,0.05636507100000032
2020-07-17,105636.5071,0.0,105636.5071,0,0.0,0.05636507100000032
2020-07-20,105636.5071,0.0,105636.5071,0,0.0,0.05636507100000032
2020-07-21,105636.5071,0.0,105636.5071,0,0.0,0.05636507100000032
2020-07-22,105636.5071,0.0,105636.5071,0,0.0,0.05636507100000032
2020-07-23,105636.5071,0.0,105636.5071,0,0.0,0.05636507100000032
2020-07-24,105636.5071,0.0,105636.5071,0,0.0,0.05636507100000032
2020-07-27,105636.5071,0.0,105636.5071,0,0.0,0.05636507100000032
2020-07-28,105636.5071,0.0,105636.5071,0,0.0,0.05636507100000032
2020-07-29,105636.5071,0.0,105636.5071,0,0.0,0.05636507100000032
2020-07-30,105636.5071,0.0,105636.5071,0,0.0,0.05636507100000032
2020-07-31,105636.5071,0.0,105636.5071,0,0.0,0.05636507100000032
2020-08-03,105636.5071,0.0,105636.5071,0,0.0,0.05636507100000032
2020-08-04,105636.5071,0.0,105636.5071,0,0.0,0.05636507100000032
2020-08-05,105636.5071,0.0,105636.5071,0,0.0,0.05636507100000032
2020-08-06,105636.5071,0.0,105636.5071,0,0.0,0.05636507100000032
2020-08-07,105636.5071,0.0,105636.5071,0,0.0,0.05636507100000032
2020-08-10,105636.5071,0.0,105636.5071,0,0.0,0.05636507100000032
2020-08-11,105636.5071,0.0,105636.5071,0,0.0,0.05636507100000032
2020-08-12,105636.5071,0.0,105636.5071,0,0.0,0.05636507100000032
2020-08-13,105636.5071,0.0,105636.5071,0,0.0,0.05636507100000032
2020-08-14,105636.5071,0.0,105636.5071,0,0.0,0.05636507100000032
2020-08-17,105636.5071,0.0,105636.5071,0,0.0,0.05636507100000032
2020-08-18,105636.5071,0.0,105636.5071,0,0.0,0.05636507100000032
2020-08-19,105636.5071,0.0,105636.5071,0,0.0,0.05636507100000032
2020-08-20,105636.5071,0.0,105636.5071,0,0.0,0.05636507100000032
2020-08-21,105636.5071,0.0,105636.5071,0,0.0,0.05636507100000032
2020-08-24,105636.5071,0.0,105636.5071,0,0.0,0.05636507100000032
2020-08-25,105636.5071,0.0,105636.5071,0,0.0,0.05636507100000032
2020-08-26,105636.5071,0.0,105636.5071,0,0.0,0.05636507100000032
2020-08-27,105636.5071,0.0,105636.5071,0,0.0,0.05636507100000032
2020-08-28,105636.5071,0.0,105636.5071,0,0.0,0.05636507100000032
2020-08-31,105636.5071,0.0,105636.5071,0,0.0,0.05636507100000032
2020-09-01,105636.5071,0.0,105636.5071,0,0.0,0.05636507100000032
2020-09-02,105636.5071,0.0,105636.5071,0,0.0,0.05636507100000032
2020-09-03,105636.5071,0.0,105636.5071,0,0.0,0.05636507100000032
2020-09-04,105636.5071,0.0,105636.5071,0,0.0,0.05636507100000032
2020-09-07,105636.5071,0.0,105636.5071,0,0.0,0.05636507100000032
2020-09-08,105636.5071,0.0,105636.5071,0,0.0,0.05636507100000032
2020-09-09,105636.5071,0.0,105636.5071,0,0.0,0.05636507100000032
2020-09-10,105636.5071,0.0,105636.5071,0,0.0,0.05636507100000032
2020-09-11,105636.5071,0.0,105636.5071,0,0.0,0.05636507100000032
2020-09-14,105636.5071,0.0,105636.5071,0,0.0,0.05636507100000032
2020-09-15,105636.5071,0.0,105636.5071,0,0.0,0.05636507100000032
2020-09-16,105636.5071,0.0,105636.5071,0,0.0,0.05636507100000032
2020-09-17,105636.5071,0.0,105636.5071,0,0.0,0.05636507100000032
2020-09-18,105636.5071,0.0,105636.5071,0,0.0,0.05636507100000032
2020-09-21,-39653.06670000001,145245.0,105591.93329999999,100,-0.0004219545044008566,0.05591933300000007
2020-09-22,-39653.06670000001,143579.0,103925.93329999999,100,-0.01577772039902603,0.03925933299999995
2020-09-23,-39653.06670000001,140681.0,101027.93329999999,100,-0.02788524392303915,0.010279332999999946
2020-09-24,-39653.06670000001,141259.0,101605.93329999999,100,0.005721189983008301,0.016059332999999842
2020-09-25,-39653.06670000001,141079.0,101425.93329999999,100,-0.0017715500872230727,0.014259332999999819
2020-09-28,-39653.06670000001,142098.0,102444.93329999999,100,0.010046740186121506,0.02444933299999974
2020-09-29,-39653.06670000001,143809.0,104155.93329999999,100,0.016701655659138392,0.0415593329999997
2020-09-30,-39653.06670000001,144579.0,104925.93329999999,100,0.0073927617525366696,0.04925933299999974
2020-10-09,-39653.06670000001,147379.0,107725.93329999999,100,0.02668549053544611,0.07725933299999976
2020-10-12,108880.3599,0.0,108880.3599,0,0.010716329528425605,0.08880359899999979
2020-10-13,108880.3599,0.0,108880.3599,0,0.0,0.08880359899999979
2020-10-14,108880.3599,0.0,108880.3599,0,0.0,0.08880359899999979
2020-10-15,108880.3599,0.0,108880.3599,0,0.0,0.08880359899999979
2020-10-16,108880.3599,0.0,108880.3599,0,0.0,0.08880359899999979
2020-10-19,108880.3599,0.0,108880.3599,0,0.0,0.08880359899999979
2020-10-20,108880.3599,0.0,108880.3599,0,0.0,0.08880359899999979
2020-10-21,108880.3599,0.0,108880.3599,0,0.0,0.08880359899999979
2020-10-22,108880.3599,0.0,108880.3599,0,0.0,0.08880359899999979
2020-10-23,108880.3599,0.0,108880.3599,0,0.0,0.08880359899999979
2020-10-26,108880.3599,0.0,108880.3599,0,0.0,0.08880359899999979
2020-10-27,108880.3599,0.0,108880.3599,0,0.0,0.08880359899999979
2020-10-28,108880.3599,0.0,108880.3599,0,0.0,0.08880359899999979
2020-10-29,108880.3599,0.0,108880.3599,0,0.0,0.08880359899999979
2020-10-30,108880.3599,0.0,108880.3599,0,0.0,0.08880359899999979
2020-11-02,108880.3599,0.0,108880.3599,0,0.0,0.08880359899999979
2020-11-03,108880.3599,0.0,108880.3599,0,0.0,0.08880359899999979
2020-11-04,108880.3599,0.0,108880.3599,0,0.0,0.08880359899999979
2020-11-05,108880.3599,0.0,108880.3599,0,0.0,0.08880359899999979
2020-11-06,108880.3599,0.0,108880.3599,0,0.0,0.08880359899999979
2020-11-09,108880.3599,0.0,108880.3599,0,0.0,0.08880359899999979
2020-11-10,108880.3599,0.0,108880.3599,0,0.0,0.08880359899999979
2020-11-11,108880.3599,0.0,108880.3599,0,0.0,0.08880359899999979
2020-11-12,108880.3599,0.0,108880.3599,0,0.0,0.08880359899999979
2020-11-13,108880.3599,0.0,108880.3599,0,0.0,0.08880359899999979
2020-11-16,108880.3599,0.0,108880.3599,0,0.0,0.08880359899999979
2020-11-17,108880.3599,0.0,108880.3599,0,0.0,0.08880359899999979
2020-11-18,108880.3599,0.0,108880.3599,0,0.0,0.08880359899999979
2020-11-19,108880.3599,0.0,108880.3599,0,0.0,0.08880359899999979
2020-11-20,108880.3599,0.0,108880.3599,0,0.0,0.08880359899999979
2020-11-23,108880.3599,0.0,108880.3599,0,0.0,0.08880359899999979
2020-11-24,108880.3599,0.0,108880.3599,0,0.0,0.08880359899999979
2020-11-25,108880.3599,0.0,108880.3599,0,0.0,0.08880359899999979
2020-11-26,108880.3599,0.0,108880.3599,0,0.0,0.08880359899999979
2020-11-27,108880.3599,0.0,108880.3599,0,0.0,0.08880359899999979
2020-11-30,108880.3599,0.0,108880.3599,0,0.0,0.08880359899999979
2020-12-01,108880.3599,0.0,108880.3599,0,0.0,0.08880359899999979
2020-12-02,108880.3599,0.0,108880.3599,0,0.0,0.08880359899999979
2020-12-03,108880.3599,0.0,108880.3599,0,0.0,0.08880359899999979
2020-12-04,108880.3599,0.0,108880.3599,0,0.0,0.08880359899999979
2020-12-07,108880.3599,0.0,108880.3599,0,0.0,0.08880359899999979
2020-12-08,108880.3599,0.0,108880.3599,0,0.0,0.08880359899999979
2020-12-09,108880.3599,0.0,108880.3599,0,0.0,0.08880359899999979
2020-12-10,108880.3599,0.0,108880.3599,0,0.0,0.08880359899999979
2020-12-11,108880.3599,0.0,108880.3599,0,0.0,0.08880359899999979
2020-12-14,108880.3599,0.0,108880.3599,0,0.0,0.08880359899999979
2020-12-15,108880.3599,0.0,108880.3599,0,0.0,0.08880359899999979
2020-12-16,108880.3599,0.0,108880.3599,0,0.0,0.08880359899999979
2020-12-17,108880.3599,0.0,108880.3599,0,0.0,0.08880359899999979
2020-12-18,108880.3599,0.0,108880.3599,0,0.0,0.08880359899999979
2020-12-21,108880.3599,0.0,108880.3599,0,0.0,0.08880359899999979
2020-12-22,108880.3599,0.0,108880.3599,0,0.0,0.08880359899999979
2020-12-23,108880.3599,0.0,108880.3599,0,0.0,0.08880359899999979
2020-12-24,108880.3599,0.0,108880.3599,0,0.0,0.08880359899999979
2020-12-25,108880.3599,0.0,108880.3599,0,0.0,0.08880359899999979
2020-12-28,108880.3599,0.0,108880.3599,0,0.0,0.08880359899999979
2020-12-29,108880.3599,0.0,108880.3599,0,0.0,0.08880359899999979
2020-12-30,108880.3599,0.0,108880.3599,0,0.0,0.08880359899999979
2020-12-31,108880.3599,0.0,108880.3599,0,0.0,0.08880359899999979
2021-01-04,108880.3599,0.0,108880.3599,0,0.0,0.08880359899999979
2021-01-05,108880.3599,0.0,108880.3599,0,0.0,0.08880359899999979
2021-01-06,108880.3599,0.0,108880.3599,0,0.0,0.08880359899999979
2021-01-07,108880.3599,0.0,108880.3599,0,0.0,0.08880359899999979
2021-01-08,108880.3599,0.0,108880.3599,0,0.0,0.08880359899999979
2021-01-11,108880.3599,0.0,108880.3599,0,0.0,0.08880359899999979
2021-01-12,108880.3599,0.0,108880.3599,0,0.0,0.08880359899999979
2021-01-13,108880.3599,0.0,108880.3599,0,0.0,0.08880359899999979
2021-01-14,108880.3599,0.0,108880.3599,0,0.0,0.08880359899999979
2021-01-15,108880.3599,0.0,108880.3599,0,0.0,0.08880359899999979
2021-01-18,108880.3599,0.0,108880.3599,0,0.0,0.08880359899999979
2021-01-19,108880.3599,0.0,108880.3599,0,0.0,0.08880359899999979
2021-01-20,108880.3599,0.0,108880.3599,0,0.0,0.08880359899999979
2021-01-21,108880.3599,0.0,108880.3599,0,0.0,0.08880359899999979
2021-01-22,108880.3599,0.0,108880.3599,0,0.0,0.08880359899999979
2021-01-25,108880.3599,0.0,108880.3599,0,0.0,0.08880359899999979
2021-01-26,108880.3599,0.0,108880.3599,0,0.0,0.08880359899999979
2021-01-27,108880.3599,0.0,108880.3599,0,0.0,0.08880359899999979
2021-01-28,108880.3599,0.0,108880.3599,0,0.0,0.08880359899999979
2021-01-29,108880.3599,0.0,108880.3599,0,0.0,0.08880359899999979
2021-02-01,108880.3599,0.0,108880.3599,0,0.0,0.08880359899999979
2021-02-02,108880.3599,0.0,108880.3599,0,0.0,0.08880359899999979
2021-02-03,108880.3599,0.0,108880.3599,0,0.0,0.08880359899999979
2021-02-04,108880.3599,0.0,108880.3599,0,0.0,0.08880359899999979
2021-02-05,108880.3599,0.0,108880.3599,0,0.0,0.08880359899999979
2021-02-08,108880.3599,0.0,108880.3599,0,0.0,0.08880359899999979
2021-02-09,108880.3599,0.0,108880.3599,0,0.0,0.08880359899999979
2021-02-10,108880.3599,0.0,108880.3599,0,0.0,0.08880359899999979
2021-02-18,108880.3599,0.0,108880.3599,0,0.0,0.08880359899999979
2021-02-19,108880.3599,0.0,108880.3599,0,0.0,0.08880359899999979
2021-02-22,108880.3599,0.0,108880.3599,0,0.0,0.08880359899999979
2021-02-23,108880.3599,0.0,108880.3599,0,0.0,0.08880359899999979
2021-02-24,108880.3599,0.0,108880.3599,0,0.0,0.08880359899999979
2021-02-25,108880.3599,0.0,108880.3599,0,0.0,0.08880359899999979
2021-02-26,108880.3599,0.0,108880.3599,0,0.0,0.08880359899999979
2021-03-01,108880.3599,0.0,108880.3599,0,0.0,0.08880359899999979
2021-03-02,108880.3599,0.0,108880.3599,0,0.0,0.08880359899999979
2021-03-03,108880.3599,0.0,108880.3599,0,0.0,0.08880359899999979
2021-03-04,108880.3599,0.0,108880.3599,0,0.0,0.08880359899999979
2021-03-05,108880.3599,0.0,108880.3599,0,0.0,0.08880359899999979
2021-03-08,108880.3599,0.0,108880.3599,0,0.0,0.08880359899999979
2021-03-09,108880.3599,0.0,108880.3599,0,0.0,0.08880359899999979
2021-03-10,108880.3599,0.0,108880.3599,0,0.0,0.08880359899999979
2021-03-11,108880.3599,0.0,108880.3599,0,0.0,0.08880359899999979
2021-03-12,108880.3599,0.0,108880.3599,0,0.0,0.08880359899999979
2021-03-15,108880.3599,0.0,108880.3599,0,0.0,0.08880359899999979
2021-03-16,-66252.16410000001,175079.0,108826.83589999999,100,-0.0004915854434093259,0.08826835899999974
2021-03-17,-66252.16410000001,176180.0,109927.83589999999,100,0.010116989903222962,0.0992783589999997
2021-03-18,-66252.16410000001,182079.0,115826.83589999999,100,0.053662477312536705,0.1582683589999998
2021-03-19,-66252.16410000001,177802.0,111549.83589999999,100,-0.0369258122849232,0.11549835899999983
2021-03-22,-66252.16410000001,174134.0,107881.83589999999,100,-0.03288216401580557,0.07881835899999978
2021-03-23,-66252.16410000001,175579.0,109326.83589999999,100,0.013394284477503904,0.09326835899999963
2021-03-24,-66252.16410000001,176679.0,110426.83589999999,100,0.010061573546372049,0.10426835899999953
2021-03-25,-66252.16410000001,173259.0,107006.83589999999,100,-0.030970732540929413,0.07006835899999952
2021-03-26,-66252.16410000001,174379.0,108126.83589999999,100,0.010466621039488144,0.0812683589999994
2021-03-29,-66252.16410000001,181194.0,114941.83589999999,100,0.06302783155795644,0.14941835899999933
2021-03-30,-66252.16410000001,182087.0,115834.83589999999,100,0.007769146829853302,0.15834835899999944
2021-03-31,-66252.16410000001,178579.0,112326.83589999999,100,-0.030284499241907237,0.12326835899999944
2021-04-01,112394.2259,0.0,112394.2259,0,0.0005999456804783865,0.12394225899999944
2021-04-02,112394.2259,0.0,112394.2259,0,0.0,0.12394225899999944
2021-04-06,112394.2259,0.0,112394.2259,0,0.0,0.12394225899999944
2021-04-07,112394.2259,0.0,112394.2259,0,0.0,0.12394225899999944
2021-04-08,112394.2259,0.0,112394.2259,0,0.0,0.12394225899999944
2021-04-09,112394.2259,0.0,112394.2259,0,0.0,0.12394225899999944
2021-04-12,112394.2259,0.0,112394.2259,0,0.0,0.12394225899999944
2021-04-13,112394.2259,0.0,112394.2259,0,0.0,0.12394225899999944
2021-04-14,112394.2259,0.0,112394.2259,0,0.0,0.12394225899999944
2021-04-15,112394.2259,0.0,112394.2259,0,0.0,0.12394225899999944
2021-04-16,112394.2259,0.0,112394.2259,0,0.0,0.12394225899999944
2021-04-19,112394.2259,0.0,112394.2259,0,0.0,0.12394225899999944
2021-04-20,112394.2259,0.0,112394.2259,0,0.0,0.12394225899999944
2021-04-21,112394.2259,0.0,112394.2259,0,0.0,0.12394225899999944
2021-04-22,112394.2259,0.0,112394.2259,0,0.0,0.12394225899999944
2021-04-23,112394.2259,0.0,112394.2259,0,0.0,0.12394225899999944
2021-04-26,112394.2259,0.0,112394.2259,0,0.0,0.12394225899999944
2021-04-27,112394.2259,0.0,112394.2259,0,0.0,0.12394225899999944
2021-04-28,112394.2259,0.0,112394.2259,0,0.0,0.12394225899999944
2021-04-29,112394.2259,0.0,112394.2259,0,0.0,0.12394225899999944
2021-04-30,112394.2259,0.0,112394.2259,0,0.0,0.12394225899999944
2021-05-06,112394.2259,0.0,112394.2259,0,0.0,0.12394225899999944
2021-05-07,112394.2259,0.0,112394.2259,0,0.0,0.12394225899999944
2021-05-10,112394.2259,0.0,112394.2259,0,0.0,0.12394225899999944
2021-05-11,112394.2259,0.0,112394.2259,0,0.0,0.12394225899999944
2021-05-12,-61137.81809999999,173479.0,112341.18190000001,100,-0.0004719459525188707,0.12341181899999953
2021-05-13,-61137.81809999999,173879.0,112741.18190000001,100,0.0035605820878408245,0.12741181899999954
2021-05-14,-61137.81809999999,176179.0,115041.18190000001,100,0.020400708607437368,0.15041181899999945
2021-05-17,-61137.81809999999,181089.0,119951.18190000001,100,0.04268036818561227,0.19951181899999937
2021-05-18,-61137.81809999999,183085.0,121947.18190000001,100,0.01664010281836159,0.21947181899999935
2021-05-19,-61137.81809999999,182579.0,121441.18190000001,100,-0.004149337378004603,0.21441181899999928
2021-05-20,-61137.81809999999,183115.0,121977.18190000001,100,0.004413659284388194,0.2197718189999993
2021-05-21,-61137.81809999999,182281.0,121143.18190000001,100,-0.006837344386950495,0.2114318189999993
2021-05-24,-61137.81809999999,181679.0,120541.18190000001,100,-0.004969326300979349,0.20541181899999938
2021-05-25,-61137.81809999999,187079.0,125941.18190000001,100,0.04479796792169988,0.2594118189999992
2021-05-26,-61137.81809999999,197887.0,136749.18190000003,100,0.08581783843017932,0.3674918189999994
2021-05-27,-61137.81809999999,198689.0,137551.18190000003,100,0.005864751721779804,0.3755118189999995
2021-05-28,-61137.81809999999,199130.0,137992.18190000003,100,0.0032060793219546024,0.37992181899999955
2021-05-31,-61137.81809999999,195779.0,134641.18190000003,100,-0.024283984453759788,0.3464118189999996
2021-06-01,-61137.81809999999,199179.0,138041.18190000003,100,0.025252303582162794,0.38041181899999965
2021-06-02,-61137.81809999999,199397.0,138259.18190000003,100,0.0015792388691509007,0.3825918189999997
2021-06-03,-61137.81809999999,199587.0,138449.18190000003,100,0.0013742306108639468,0.3844918189999995
2021-06-04,-61137.81809999999,199983.0,138845.18190000003,100,0.0028602552544227944,0.3884518189999997
2021-06-07,-61137.81809999999,202580.0,141442.18190000003,100,0.018704286057764863,0.41442181899999975
2021-06-08,133496.77400000003,0.0,133496.77400000003,0,-0.05617424585274999,0.33496773999999996
2021-06-09,133496.77400000003,0.0,133496.77400000003,0,0.0,0.33496773999999996
2021-06-10,133496.77400000003,0.0,133496.77400000003,0,0.0,0.33496773999999996
2021-06-11,133496.77400000003,0.0,133496.77400000003,0,0.0,0.33496773999999996
2021-06-15,133496.77400000003,0.0,133496.77400000003,0,0.0,0.33496773999999996
2021-06-16,133496.77400000003,0.0,133496.77400000003,0,0.0,0.33496773999999996
2021-06-17,133496.77400000003,0.0,133496.77400000003,0,0.0,0.33496773999999996
2021-06-18,133496.77400000003,0.0,133496.77400000003,0,0.0,0.33496773999999996
2021-06-21,-50138.29999999996,183579.0,133440.70000000004,100,-0.0004200401127295583,0.3344070000000001
2021-06-22,-50138.29999999996,183968.0,133829.70000000004,100,0.002915152573390367,0.3382970000000003
2021-06-23,-50138.29999999996,181994.0,131855.70000000004,100,-0.014750089105781461,0.3185570000000002
2021-06-24,-50138.29999999996,180679.0,130540.70000000004,100,-0.009973023540127524,0.3054070000000002
2021-06-25,-50138.29999999996,184768.0,134629.70000000004,100,0.0313235642217331,0.3462970000000001
2021-06-28,-50138.29999999996,187808.0,137669.70000000004,100,0.022580455872664107,0.37669700000000006
2021-06-29,-50138.29999999996,185608.0,135469.70000000004,100,-0.015980277432143697,0.35469700000000004
2021-06-30,-50138.29999999996,185138.0,134999.70000000004,100,-0.0034694105028652,0.3499970000000001
2021-07-01,-50138.29999999996,183668.0,133529.70000000004,100,-0.01088891308647355,0.3352970000000002
2021-07-02,-50138.29999999996,181658.0,131519.70000000004,100,-0.015052830943228401,0.31519700000000017
2021-07-05,-50138.29999999996,179008.0,128869.70000000004,100,-0.02014907272446642,0.2886970000000002
2021-07-06,-50138.29999999996,176509.0,126370.70000000004,100,-0.019391680123411525,0.26370700000000014
2021-07-07,-50138.29999999996,180409.0,130270.70000000004,100,0.030861584212163118,0.30270700000000006
2021-07-08,-50138.29999999996,177308.0,127169.70000000004,100,-0.023804278321986394,0.2716970000000001
2021-07-09,-50138.29999999996,175008.0,124869.70000000004,100,-0.018086069244481973,0.24869700000000017
2021-07-12,-50138.29999999996,174558.0,124419.70000000004,100,-0.0036037565558337814,0.24419700000000022
2021-07-13,-50138.29999999996,177008.0,126869.70000000004,100,0.019691415426978276,0.2686970000000004
2021-07-14,-50138.29999999996,175008.0,124869.70000000004,100,-0.015764205322468583,0.2486970000000004
2021-07-15,-50138.29999999996,175568.0,125429.70000000004,100,0.00448467482503756,0.2542970000000002
2021-07-16,-50138.29999999996,175508.0,125369.70000000004,100,-0.00047835560477305084,0.2536970000000003
2021-07-19,-50138.29999999996,174608.0,124469.70000000004,100,-0.007178768075539743,0.2446970000000004
2021-07-20,-50138.29999999996,176649.0,126510.70000000004,100,0.016397565029882877,0.2651070000000004
2021-07-21,-50138.29999999996,176709.0,126570.70000000004,100,0.0004742681844303043,0.2657070000000006
2021-07-22,-50138.29999999996,174404.0,124265.70000000004,100,-0.018211165775333438,0.24265700000000057
2021-07-23,-50138.29999999996,170017.0,119878.70000000004,100,-0.035303386211963494,0.1987870000000007
2021-07-26,-50138.29999999996,158508.0,108369.70000000004,100,-0.09600537877037374,0.08369700000000058
2021-07-27,-50138.29999999996,150808.0,100669.70000000004,100,-0.07105307110751435,0.006697000000000619
2021-07-28,-50138.29999999996,148720.0,98581.70000000004,100,-0.0207410968742332,-0.01418299999999928
2021-07-29,-50138.29999999996,153942.0,103803.70000000004,100,0.05297129183205396,0.038037000000000765
2021-07-30,-50138.29999999996,146284.0,96145.70000000004,100,-0.07377386355206994,-0.03854299999999933
2021-08-02,-50138.29999999996,142580.0,92441.70000000004,100,-0.03852486382646336,-0.07558299999999929
2021-08-03,-50138.29999999996,149388.0,99249.70000000004,100,0.07364641714723974,-0.007502999999999371
2021-08-04,-50138.29999999996,152308.0,102169.70000000004,100,0.02942074384103921,0.02169700000000052
2021-08-05,-50138.29999999996,148144.0,98005.70000000004,100,-0.040755723076411066,-0.01994299999999949
2021-08-06,-50138.29999999996,145168.0,95029.70000000004,100,-0.030365580777444556,-0.0497029999999995
2021-08-09,-50138.29999999996,145508.0,95369.70000000004,100,0.003577828826145879,-0.04630299999999954
2021-08-10,-50138.29999999996,148008.0,97869.70000000004,100,0.02621377649295331,-0.021302999999999406
2021-08-11,-50138.29999999996,155509.0,105370.70000000004,100,0.07664271986120319,0.053707000000000615
2021-08-12,-50138.29999999996,149127.0,98988.70000000004,100,-0.060567121600217155,-0.010112999999999484
2021-08-13,-50138.29999999996,148408.0,98269.70000000004,100,-0.007263455323688439,-0.017302999999999513
2021-08-16,-50138.29999999996,149016.0,98877.70000000004,100,0.006187054605844899,-0.011222999999999539
2021-08-17,-50138.29999999996,143396.0,93257.70000000004,100,-0.05683789165807862,-0.06742299999999957
2021-08-18,-50138.29999999996,140508.0,90369.70000000004,100,-0.030967952244157826,-0.09630299999999958
2021-08-19,-50138.29999999996,140508.0,90369.70000000004,100,0.0,-0.09630299999999958
2021-08-20,-50138.29999999996,133058.0,82919.70000000004,100,-0.08243913612637865,-0.1708029999999996
2021-08-23,-50138.29999999996,134185.0,84046.70000000004,100,0.01359146258368038,-0.1595329999999996
2021-08-24,-50138.29999999996,137085.0,86946.70000000004,100,0.034504626594500376,-0.13053299999999968
2021-08-25,-50138.29999999996,144808.0,94669.70000000004,100,0.08882453273097202,-0.053302999999999656
2021-08-26,-50138.29999999996,139980.0,89841.70000000004,100,-0.050998365897430675,-0.10158299999999965
2021-08-27,-50138.29999999996,138918.0,88779.70000000004,100,-0.011820791458754698,-0.11220299999999972
2021-08-30,-50138.29999999996,135103.0,84964.70000000004,100,-0.042971535159501584,-0.15035299999999974
2021-08-31,-50138.29999999996,136018.0,85879.70000000004,100,0.010769178258735579,-0.14120299999999986
2021-09-01,-50138.29999999996,133618.0,83479.70000000004,100,-0.027946068745000274,-0.16520299999999988
2021-09-02,-50138.29999999996,140597.0,90458.70000000004,100,0.08360116291745179,-0.09541299999999986
2021-09-03,-50138.29999999996,138708.0,88569.70000000004,100,-0.020882457961478584,-0.11430299999999993
2021-09-06,-50138.29999999996,143123.0,92984.70000000004,100,0.04984774702861139,-0.07015299999999991
2021-09-07,-50138.29999999996,145608.0,95469.70000000004,100,0.026724826772576593,-0.04530299999999987
2021-09-08,-50138.29999999996,143316.0,93177.70000000004,100,-0.024007617076412746,-0.06822299999999992
2021-09-09,-50138.29999999996,142909.0,92770.70000000004,100,-0.004367997922249622,-0.07229299999999994
2021-09-10,-50138.29999999996,143808.0,93669.70000000004,100,0.00969055962712373,-0.06330299999999989
2021-09-13,-50138.29999999996,144518.0,94379.70000000004,100,0.007579825706711896,-0.056203
2021-09-14,-50138.29999999996,145808.0,95669.70000000004,100,0.013668193478046708,-0.04330299999999998
2021-09-15,-50138.29999999996,141508.0,91369.70000000004,100,-0.04494631006473315,-0.08630300000000002
2021-09-16,-50138.29999999996,139008.0,88869.70000000004,100,-0.027361368155964128,-0.11130299999999993
2021-09-17,-50138.29999999996,142508.0,92369.70000000004,100,0.039383501913475616,-0.0763029999999999
2021-09-22,-50138.29999999996,144008.0,93869.70000000004,100,0.016239091390358507,-0.061302999999999885
2021-09-23,-50138.29999999996,143016.0,92877.70000000004,100,-0.010567840314819388,-0.07122299999999993
2021-09-24,-50138.29999999996,143308.0,93169.70000000004,100,0.003143919369235082,-0.06830299999999989
2021-09-27,-50138.29999999996,155508.0,105369.70000000004,100,0.1309438583573843,0.053697000000000106
2021-09-28,-50138.29999999996,160008.0,109869.70000000004,100,0.04270677433835335,0.09869700000000003
2021-09-29,108910.97090000004,0.0,108910.97090000004,0,-0.008726055500288044,0.08910970900000015
2021-09-30,108910.97090000004,0.0,108910.97090000004,0,0.0,0.08910970900000015
2021-10-08,108910.97090000004,0.0,108910.97090000004,0,0.0,0.08910970900000015
2021-10-11,108910.97090000004,0.0,108910.97090000004,0,0.0,0.08910970900000015
2021-10-12,108910.97090000004,0.0,108910.97090000004,0,0.0,0.08910970900000015
2021-10-13,108910.97090000004,0.0,108910.97090000004,0,0.0,0.08910970900000015
2021-10-14,108910.97090000004,0.0,108910.97090000004,0,0.0,0.08910970900000015
2021-10-15,108910.97090000004,0.0,108910.97090000004,0,0.0,0.08910970900000015
2021-10-18,108910.97090000004,0.0,108910.97090000004,0,0.0,0.08910970900000015
2021-10-19,108910.97090000004,0.0,108910.97090000004,0,0.0,0.08910970900000015
2021-10-20,108910.97090000004,0.0,108910.97090000004,0,0.0,0.08910970900000015
2021-10-21,108910.97090000004,0.0,108910.97090000004,0,0.0,0.08910970900000015
2021-10-22,108910.97090000004,0.0,108910.97090000004,0,0.0,0.08910970900000015
2021-10-25,108910.97090000004,0.0,108910.97090000004,0,0.0,0.08910970900000015
2021-10-26,108910.97090000004,0.0,108910.97090000004,0,0.0,0.08910970900000015
2021-10-27,108910.97090000004,0.0,108910.97090000004,0,0.0,0.08910970900000015
2021-10-28,108910.97090000004,0.0,108910.97090000004,0,0.0,0.08910970900000015
2021-10-29,108910.97090000004,0.0,108910.97090000004,0,0.0,0.08910970900000015
2021-11-01,108910.97090000004,0.0,108910.97090000004,0,0.0,0.08910970900000015
2021-11-02,108910.97090000004,0.0,108910.97090000004,0,0.0,0.08910970900000015
2021-11-03,108910.97090000004,0.0,108910.97090000004,0,0.0,0.08910970900000015
2021-11-04,108910.97090000004,0.0,108910.97090000004,0,0.0,0.08910970900000015
2021-11-05,108910.97090000004,0.0,108910.97090000004,0,0.0,0.08910970900000015
2021-11-08,108910.97090000004,0.0,108910.97090000004,0,0.0,0.08910970900000015
2021-11-09,108910.97090000004,0.0,108910.97090000004,0,0.0,0.08910970900000015
2021-11-10,108910.97090000004,0.0,108910.97090000004,0,0.0,0.08910970900000015
2021-11-11,108910.97090000004,0.0,108910.97090000004,0,0.0,0.08910970900000015
2021-11-12,108910.97090000004,0.0,108910.97090000004,0,0.0,0.08910970900000015
2021-11-15,108910.97090000004,0.0,108910.97090000004,0,0.0,0.08910970900000015
2021-11-16,108910.97090000004,0.0,108910.97090000004,0,0.0,0.08910970900000015
2021-11-17,108910.97090000004,0.0,108910.97090000004,0,0.0,0.08910970900000015
2021-11-18,108910.97090000004,0.0,108910.97090000004,0,0.0,0.08910970900000015
2021-11-19,108910.97090000004,0.0,108910.97090000004,0,0.0,0.08910970900000015
2021-11-22,108910.97090000004,0.0,108910.97090000004,0,0.0,0.08910970900000015
2021-11-23,108910.97090000004,0.0,108910.97090000004,0,0.0,0.08910970900000015
2021-11-24,108910.97090000004,0.0,108910.97090000004,0,0.0,0.08910970900000015
2021-11-25,108910.97090000004,0.0,108910.97090000004,0,0.0,0.08910970900000015
2021-11-26,108910.97090000004,0.0,108910.97090000004,0,0.0,0.08910970900000015
2021-11-29,108910.97090000004,0.0,108910.97090000004,0,0.0,0.08910970900000015
2021-11-30,108910.97090000004,0.0,108910.97090000004,0,0.0,0.08910970900000015
2021-12-01,108910.97090000004,0.0,108910.97090000004,0,0.0,0.08910970900000015
2021-12-02,108910.97090000004,0.0,108910.97090000004,0,0.0,0.08910970900000015
2021-12-03,108910.97090000004,0.0,108910.97090000004,0,0.0,0.08910970900000015
2021-12-06,108910.97090000004,0.0,108910.97090000004,0,0.0,0.08910970900000015
2021-12-07,108910.97090000004,0.0,108910.97090000004,0,0.0,0.08910970900000015
2021-12-08,108910.97090000004,0.0,108910.97090000004,0,0.0,0.08910970900000015
2021-12-09,108910.97090000004,0.0,108910.97090000004,0,0.0,0.08910970900000015
2021-12-10,108910.97090000004,0.0,108910.97090000004,0,0.0,0.08910970900000015
2021-12-13,108910.97090000004,0.0,108910.97090000004,0,0.0,0.08910970900000015
2021-12-14,108910.97090000004,0.0,108910.97090000004,0,0.0,0.08910970900000015
2021-12-15,108910.97090000004,0.0,108910.97090000004,0,0.0,0.08910970900000015
2021-12-16,108910.97090000004,0.0,108910.97090000004,0,0.0,0.08910970900000015
2021-12-17,108910.97090000004,0.0,108910.97090000004,0,0.0,0.08910970900000015
2021-12-20,108910.97090000004,0.0,108910.97090000004,0,0.0,0.08910970900000015
2021-12-21,108910.97090000004,0.0,108910.97090000004,0,0.0,0.08910970900000015
2021-12-22,108910.97090000004,0.0,108910.97090000004,0,0.0,0.08910970900000015
2021-12-23,108910.97090000004,0.0,108910.97090000004,0,0.0,0.08910970900000015
2021-12-24,108910.97090000004,0.0,108910.97090000004,0,0.0,0.08910970900000015
2021-12-27,108910.97090000004,0.0,108910.97090000004,0,0.0,0.08910970900000015
2021-12-28,108910.97090000004,0.0,108910.97090000004,0,0.0,0.08910970900000015
2021-12-29,108910.97090000004,0.0,108910.97090000004,0,0.0,0.08910970900000015
2021-12-30,108910.97090000004,0.0,108910.97090000004,0,0.0,0.08910970900000015
2021-12-31,108910.97090000004,0.0,108910.97090000004,0,0.0,0.08910970900000015
2022-01-04,108910.97090000004,0.0,108910.97090000004,0,0.0,0.08910970900000015
2022-01-05,108910.97090000004,0.0,108910.97090000004,0,0.0,0.08910970900000015
2022-01-06,108910.97090000004,0.0,108910.97090000004,0,0.0,0.08910970900000015
2022-01-07,108910.97090000004,0.0,108910.97090000004,0,0.0,0.08910970900000015
2022-01-10,108910.97090000004,0.0,108910.97090000004,0,0.0,0.08910970900000015
2022-01-11,108910.97090000004,0.0,108910.97090000004,0,0.0,0.08910970900000015
2022-01-12,108910.97090000004,0.0,108910.97090000004,0,0.0,0.08910970900000015
2022-01-13,108910.97090000004,0.0,108910.97090000004,0,0.0,0.08910970900000015
2022-01-14,108910.97090000004,0.0,108910.97090000004,0,0.0,0.08910970900000015
2022-01-17,108910.97090000004,0.0,108910.97090000004,0,0.0,0.08910970900000015
2022-01-18,108910.97090000004,0.0,108910.97090000004,0,0.0,0.08910970900000015
2022-01-19,108910.97090000004,0.0,108910.97090000004,0,0.0,0.08910970900000015
2022-01-20,-63249.66179999994,172108.0,108858.33820000006,100,-0.00048326352767813496,0.08858338200000038
2022-01-21,-63249.66179999994,175609.0,112359.33820000006,100,0.032161064167338216,0.12359338200000036
2022-01-24,-63249.66179999994,173652.0,110402.33820000006,100,-0.01741733291910752,0.1040233820000005
2022-01-25,-63249.66179999994,173608.0,110358.33820000006,100,-0.0003985422837720076,0.1035833820000005
2022-01-26,-63249.66179999994,172408.0,109158.33820000006,100,-0.010873668628692656,0.09158338200000049
2022-01-27,-63249.66179999994,175708.0,112458.33820000006,100,0.030231314019765865,0.12458338200000063
2022-01-28,105207.78580000007,0.0,105207.78580000007,0,-0.06447323085199197,0.052077858000000754
2022-02-07,105207.78580000007,0.0,105207.78580000007,0,0.0,0.052077858000000754
2022-02-08,105207.78580000007,0.0,105207.78580000007,0,0.0,0.052077858000000754
2022-02-09,105207.78580000007,0.0,105207.78580000007,0,0.0,0.052077858000000754
2022-02-10,105207.78580000007,0.0,105207.78580000007,0,0.0,0.052077858000000754
2022-02-11,105207.78580000007,0.0,105207.78580000007,0,0.0,0.052077858000000754
2022-02-14,105207.78580000007,0.0,105207.78580000007,0,0.0,0.052077858000000754
2022-02-15,105207.78580000007,0.0,105207.78580000007,0,0.0,0.052077858000000754
2022-02-16,105207.78580000007,0.0,105207.78580000007,0,0.0,0.052077858000000754
2022-02-17,105207.78580000007,0.0,105207.78580000007,0,0.0,0.052077858000000754
2022-02-18,105207.78580000007,0.0,105207.78580000007,0,0.0,0.052077858000000754
2022-02-21,105207.78580000007,0.0,105207.78580000007,0,0.0,0.052077858000000754
2022-02-22,105207.78580000007,0.0,105207.78580000007,0,0.0,0.052077858000000754
2022-02-23,105207.78580000007,0.0,105207.78580000007,0,0.0,0.052077858000000754
2022-02-24,105207.78580000007,0.0,105207.78580000007,0,0.0,0.052077858000000754
2022-02-25,105207.78580000007,0.0,105207.78580000007,0,0.0,0.052077858000000754
2022-02-28,105207.78580000007,0.0,105207.78580000007,0,0.0,0.052077858000000754
2022-03-01,105207.78580000007,0.0,105207.78580000007,0,0.0,0.052077858000000754
2022-03-02,105207.78580000007,0.0,105207.78580000007,0,0.0,0.052077858000000754
2022-03-03,105207.78580000007,0.0,105207.78580000007,0,0.0,0.052077858000000754
2022-03-04,105207.78580000007,0.0,105207.78580000007,0,0.0,0.052077858000000754
2022-03-07,105207.78580000007,0.0,105207.78580000007,0,0.0,0.052077858000000754
2022-03-08,105207.78580000007,0.0,105207.78580000007,0,0.0,0.052077858000000754
2022-03-09,105207.78580000007,0.0,105207.78580000007,0,0.0,0.052077858000000754
2022-03-10,-54449.09689999992,159608.0,105158.90310000008,100,-0.0004646300616278909,0.051589031000000896
2022-03-11,-54449.09689999992,152316.0,97866.90310000008,100,-0.0693426784136929,-0.02133096899999909
2022-03-14,-54449.09689999992,150508.0,96058.90310000008,100,-0.018474069810430094,-0.039410968999999074
2022-03-15,-54449.09689999992,140808.0,86358.90310000008,100,-0.10097970814742718,-0.13641096899999905
2022-03-16,-54449.09689999992,139808.0,85358.90310000008,100,-0.011579582001430055,-0.14641096899999906
2022-03-17,-54449.09689999992,151674.0,97224.90310000008,100,0.13901303284203048,-0.02775096899999896
2022-03-18,-54449.09689999992,149736.0,95286.90310000008,100,-0.019933164633825107,-0.04713096899999891
2022-03-21,-54449.09689999992,150009.0,95559.90310000008,100,0.002865031721237754,-0.04440096899999879
2022-03-22,-54449.09689999992,149141.0,94691.90310000008,100,-0.00908330766191412,-0.05308096899999881
2022-03-23,-54449.09689999992,150208.0,95758.90310000008,100,0.01126812288135337,-0.042410968999998744
2022-03-24,-54449.09689999992,152243.0,97793.90310000008,100,0.0212512877040254,-0.022060968999998765
2022-03-25,-54449.09689999992,149008.0,94558.90310000008,100,-0.033079771820662685,-0.054410968999998754
2022-03-28,-54449.09689999992,140908.0,86458.90310000008,100,-0.0856608921471298,-0.13541096899999883
2022-03-29,-54449.09689999992,146658.0,92208.90310000008,100,0.0665055858197674,-0.07791096899999872
2022-03-30,-54449.09689999992,150008.0,95558.90310000008,100,0.03633054821579362,-0.044410968999998746
2022-03-31,-54449.09689999992,151388.0,96938.90310000008,100,0.01444135454920259,-0.030610968999998822
2022-04-01,-54449.09689999992,152677.0,98227.90310000008,100,0.013297035130161339,-0.017720968999998754
2022-04-06,-54449.09689999992,155808.0,101358.90310000008,100,0.031874853286978144,0.013589031000001306
2022-04-07,-54449.09689999992,155518.0,101068.90310000008,100,-0.0028611201495925,0.010689031000001181
2022-04-08,-54449.09689999992,157162.0,102712.90310000008,100,0.01626613082337891,0.02712903100000119
2022-04-11,-54449.09689999992,151111.0,96661.90310000008,100,-0.058911780481063936,-0.03338096899999876
2022-04-12,-54449.09689999992,151308.0,96858.90310000008,100,0.0020380314651595732,-0.031410968999998734
2022-04-13,-54449.09689999992,155616.0,101166.90310000008,100,0.04447706779780791,0.011669031000001384
2022-04-14,-54449.09689999992,158528.0,104078.90310000008,100,0.02878411724357699,0.04078903100000142
2022-04-15,-54449.09689999992,160097.0,105647.90310000008,100,0.015075101228656296,0.05647903100000162
2022-04-18,-54449.09689999992,157308.0,102858.90310000008,100,-0.026399009522792838,0.028589031000001652
2022-04-19,-54449.09689999992,158058.0,103608.90310000008,100,0.007291541883067243,0.036089031000001714
2022-04-20,102878.69060000009,0.0,102878.69060000009,0,-0.007047777537951716,0.028786906000001666
2022-04-21,102878.69060000009,0.0,102878.69060000009,0,0.0,0.028786906000001666
2022-04-22,102878.69060000009,0.0,102878.69060000009,0,0.0,0.028786906000001666
2022-04-25,102878.69060000009,0.0,102878.69060000009,0,0.0,0.028786906000001666
2022-04-26,102878.69060000009,0.0,102878.69060000009,0,0.0,0.028786906000001666
2022-04-27,102878.69060000009,0.0,102878.69060000009,0,0.0,0.028786906000001666
2022-04-28,102878.69060000009,0.0,102878.69060000009,0,0.0,0.028786906000001666
2022-04-29,102878.69060000009,0.0,102878.69060000009,0,0.0,0.028786906000001666
2022-05-05,102878.69060000009,0.0,102878.69060000009,0,0.0,0.028786906000001666
2022-05-06,102878.69060000009,0.0,102878.69060000009,0,0.0,0.028786906000001666
2022-05-09,102878.69060000009,0.0,102878.69060000009,0,0.0,0.028786906000001666
2022-05-10,102878.69060000009,0.0,102878.69060000009,0,0.0,0.028786906000001666
2022-05-11,102878.69060000009,0.0,102878.69060000009,0,0.0,0.028786906000001666
2022-05-12,102878.69060000009,0.0,102878.69060000009,0,0.0,0.028786906000001666
2022-05-13,102878.69060000009,0.0,102878.69060000009,0,0.0,0.028786906000001666
2022-05-16,102878.69060000009,0.0,102878.69060000009,0,0.0,0.028786906000001666
2022-05-17,102878.69060000009,0.0,102878.69060000009,0,0.0,0.028786906000001666
2022-05-18,102878.69060000009,0.0,102878.69060000009,0,0.0,0.028786906000001666
2022-05-19,102878.69060000009,0.0,102878.69060000009,0,0.0,0.028786906000001666
2022-05-20,102878.69060000009,0.0,102878.69060000009,0,0.0,0.028786906000001666
2022-05-23,102878.69060000009,0.0,102878.69060000009,0,0.0,0.028786906000001666
2022-05-24,102878.69060000009,0.0,102878.69060000009,0,0.0,0.028786906000001666
2022-05-25,102878.69060000009,0.0,102878.69060000009,0,0.0,0.028786906000001666
2022-05-26,102878.69060000009,0.0,102878.69060000009,0,0.0,0.028786906000001666
2022-05-27,102878.69060000009,0.0,102878.69060000009,0,0.0,0.028786906000001666
2022-05-30,102878.69060000009,0.0,102878.69060000009,0,0.0,0.028786906000001666
2022-05-31,102878.69060000009,0.0,102878.69060000009,0,0.0,0.028786906000001666
2022-06-01,102878.69060000009,0.0,102878.69060000009,0,0.0,0.028786906000001666
2022-06-02,102878.69060000009,0.0,102878.69060000009,0,0.0,0.028786906000001666
2022-06-06,102878.69060000009,0.0,102878.69060000009,0,0.0,0.028786906000001666
2022-06-07,102878.69060000009,0.0,102878.69060000009,0,0.0,0.028786906000001666
2022-06-08,102878.69060000009,0.0,102878.69060000009,0,0.0,0.028786906000001666
2022-06-09,102878.69060000009,0.0,102878.69060000009,0,0.0,0.028786906000001666
2022-06-10,102878.69060000009,0.0,102878.69060000009,0,0.0,0.028786906000001666
2022-06-13,102878.69060000009,0.0,102878.69060000009,0,0.0,0.028786906000001666
2022-06-14,102878.69060000009,0.0,102878.69060000009,0,0.0,0.028786906000001666
2022-06-15,102878.69060000009,0.0,102878.69060000009,0,0.0,0.028786906000001666
2022-06-16,102878.69060000009,0.0,102878.69060000009,0,0.0,0.028786906000001666
2022-06-17,102878.69060000009,0.0,102878.69060000009,0,0.0,0.028786906000001666
2022-06-20,102878.69060000009,0.0,102878.69060000009,0,0.0,0.028786906000001666
2022-06-21,102878.69060000009,0.0,102878.69060000009,0,0.0,0.028786906000001666
2022-06-22,102878.69060000009,0.0,102878.69060000009,0,0.0,0.028786906000001666
2022-06-23,102878.69060000009,0.0,102878.69060000009,0,0.0,0.028786906000001666
2022-06-24,102878.69060000009,0.0,102878.69060000009,0,0.0,0.028786906000001666
2022-06-27,102878.69060000009,0.0,102878.69060000009,0,0.0,0.028786906000001666
2022-06-28,102878.69060000009,0.0,102878.69060000009,0,0.0,0.028786906000001666
2022-06-29,102878.69060000009,0.0,102878.69060000009,0,0.0,0.028786906000001666
2022-06-30,102878.69060000009,0.0,102878.69060000009,0,0.0,0.028786906000001666
2022-07-01,102878.69060000009,0.0,102878.69060000009,0,0.0,0.028786906000001666
2022-07-04,102878.69060000009,0.0,102878.69060000009,0,0.0,0.028786906000001666
2022-07-05,102878.69060000009,0.0,102878.69060000009,0,0.0,0.028786906000001666
2022-07-06,102878.69060000009,0.0,102878.69060000009,0,0.0,0.028786906000001666
2022-07-07,102878.69060000009,0.0,102878.69060000009,0,0.0,0.028786906000001666
2022-07-08,102878.69060000009,0.0,102878.69060000009,0,0.0,0.028786906000001666
2022-07-11,102878.69060000009,0.0,102878.69060000009,0,0.0,0.028786906000001666
2022-07-12,102878.69060000009,0.0,102878.69060000009,0,0.0,0.028786906000001666
2022-07-13,102878.69060000009,0.0,102878.69060000009,0,0.0,0.028786906000001666
2022-07-14,102878.69060000009,0.0,102878.69060000009,0,0.0,0.028786906000001666
2022-07-15,102878.69060000009,0.0,102878.69060000009,0,0.0,0.028786906000001666
2022-07-18,102878.69060000009,0.0,102878.69060000009,0,0.0,0.028786906000001666
2022-07-19,102878.69060000009,0.0,102878.69060000009,0,0.0,0.028786906000001666
2022-07-20,102878.69060000009,0.0,102878.69060000009,0,0.0,0.028786906000001666
2022-07-21,102878.69060000009,0.0,102878.69060000009,0,0.0,0.028786906000001666
2022-07-22,-73351.16249999992,176176.0,102824.83750000008,100,-0.0005234621444530907,0.028248375000001547
2022-07-25,-73351.16249999992,175776.0,102424.83750000008,100,-0.0038901106943154407,0.024248375000001543
2022-07-26,-73351.16249999992,177378.0,104026.83750000008,100,0.015640737531070092,0.04026837500000169
2022-07-27,-73351.16249999992,174376.0,101024.83750000008,100,-0.028857937741306405,0.010248375000001753
2022-07-28,-73351.16249999992,171942.0,98590.83750000008,100,-0.02409308502970864,-0.014091624999998276
2022-07-29,-73351.16249999992,170486.0,97134.83750000008,100,-0.014768106620455468,-0.028651624999998293
2022-08-01,-73351.16249999992,170794.0,97442.83750000008,100,0.0031708500052824995,-0.025571624999998432
2022-08-02,-73351.16249999992,168477.0,95125.83750000008,100,-0.02377804320404764,-0.048741624999998456
2022-08-03,-73351.16249999992,170376.0,97024.83750000008,100,0.019963030548876937,-0.029751624999998394
2022-08-04,-73351.16249999992,170689.0,97337.83750000008,100,0.0032259780904038138,-0.02662162499999854
2022-08-05,-73351.16249999992,173166.0,99814.83750000008,100,0.025447452538690296,-0.001851624999998469
2022-08-08,-73351.16249999992,173427.0,100075.83750000008,100,0.002614841706274351,0.0007583750000015321
2022-08-09,-73351.16249999992,173176.0,99824.83750000008,100,-0.002508097921238961,-0.00175162499999848
2022-08-10,-73351.16249999992,169134.0,95782.83750000008,100,-0.04049092491635653,-0.04217162499999849
2022-08-11,-73351.16249999992,170477.0,97125.83750000008,100,0.014021301049887969,-0.02874162499999844
2022-08-12,-73351.16249999992,172676.0,99324.83750000008,100,0.02264073141196854,-0.0067516249999983735
2022-08-15,-73351.16249999992,174231.0,100879.83750000008,100,0.015655701425134394,0.00879837500000158
2022-08-16,-73351.16249999992,174276.0,100924.83750000008,100,0.00044607526256168484,0.009248375000001419
2022-08-17,-73351.16249999992,172176.0,98824.83750000008,100,-0.02080756384670912,-0.011751624999998489
2022-08-18,-73351.16249999992,170783.0,97431.83750000008,100,-0.0140956467547948,-0.025681624999998487
2022-08-19,-73351.16249999992,171476.0,98124.83750000008,100,0.007112664789884482,-0.018751624999998495
2022-08-22,-73351.16249999992,170814.0,97462.83750000008,100,-0.006746507987847594,-0.025371624999998454
2022-08-23,95973.02500000008,0.0,95973.02500000008,0,-0.015285954505480093,-0.04026974999999844
2022-08-24,95973.02500000008,0.0,95973.02500000008,0,0.0,-0.04026974999999844
2022-08-25,95973.02500000008,0.0,95973.02500000008,0,0.0,-0.04026974999999844
2022-08-26,95973.02500000008,0.0,95973.02500000008,0,0.0,-0.04026974999999844
2022-08-29,95973.02500000008,0.0,95973.02500000008,0,0.0,-0.04026974999999844
2022-08-30,95973.02500000008,0.0,95973.02500000008,0,0.0,-0.04026974999999844
2022-08-31,95973.02500000008,0.0,95973.02500000008,0,0.0,-0.04026974999999844
2022-09-01,95973.02500000008,0.0,95973.02500000008,0,0.0,-0.04026974999999844
2022-09-02,95973.02500000008,0.0,95973.02500000008,0,0.0,-0.04026974999999844
2022-09-05,95973.02500000008,0.0,95973.02500000008,0,0.0,-0.04026974999999844
2022-09-06,-69253.52809999991,165176.0,95922.47190000009,100,-0.0005267428009066988,-0.040775280999998276
2022-09-07,-69253.52809999991,163777.0,94523.47190000009,100,-0.014584695038493911,-0.054765280999998334
2022-09-08,-69253.52809999991,164176.0,94922.47190000009,100,0.004221173767528619,-0.050775280999998285
2022-09-09,-69253.52809999991,164276.0,95022.47190000009,100,0.0010534913176865057,-0.049775280999998395
2022-09-13,-69253.52809999991,168499.0,99245.47190000009,100,0.0444421189594415,-0.007545280999998405
2022-09-14,-69253.52809999991,168976.0,99722.47190000009,100,0.004806264617096323,-0.002775280999998464
2022-09-15,-69253.52809999991,169672.0,100418.47190000009,100,0.006979369712154071,0.004184719000001502
2022-09-16,98882.0161000001,0.0,98882.0161000001,0,-0.015300529583143319,-0.011179838999998526
2022-09-19,98882.0161000001,0.0,98882.0161000001,0,0.0,-0.011179838999998526
2022-09-20,98882.0161000001,0.0,98882.0161000001,0,0.0,-0.011179838999998526
2022-09-21,98882.0161000001,0.0,98882.0161000001,0,0.0,-0.011179838999998526
2022-09-22,98882.0161000001,0.0,98882.0161000001,0,0.0,-0.011179838999998526
2022-09-23,98882.0161000001,0.0,98882.0161000001,0,0.0,-0.011179838999998526
2022-09-26,98882.0161000001,0.0,98882.0161000001,0,0.0,-0.011179838999998526
2022-09-27,98882.0161000001,0.0,98882.0161000001,0,0.0,-0.011179838999998526
2022-09-28,98882.0161000001,0.0,98882.0161000001,0,0.0,-0.011179838999998526
2022-09-29,98882.0161000001,0.0,98882.0161000001,0,0.0,-0.011179838999998526
2022-09-30,98882.0161000001,0.0,98882.0161000001,0,0.0,-0.011179838999998526
2022-10-10,98882.0161000001,0.0,98882.0161000001,0,0.0,-0.011179838999998526
2022-10-11,98882.0161000001,0.0,98882.0161000001,0,0.0,-0.011179838999998526
2022-10-12,98882.0161000001,0.0,98882.0161000001,0,0.0,-0.011179838999998526
2022-10-13,98882.0161000001,0.0,98882.0161000001,0,0.0,-0.011179838999998526
2022-10-14,98882.0161000001,0.0,98882.0161000001,0,0.0,-0.011179838999998526
2022-10-17,98882.0161000001,0.0,98882.0161000001,0,0.0,-0.011179838999998526
2022-10-18,98882.0161000001,0.0,98882.0161000001,0,0.0,-0.011179838999998526
2022-10-19,98882.0161000001,0.0,98882.0161000001,0,0.0,-0.011179838999998526
2022-10-20,98882.0161000001,0.0,98882.0161000001,0,0.0,-0.011179838999998526
2022-10-21,98882.0161000001,0.0,98882.0161000001,0,0.0,-0.011179838999998526
2022-10-24,98882.0161000001,0.0,98882.0161000001,0,0.0,-0.011179838999998526
2022-10-25,98882.0161000001,0.0,98882.0161000001,0,0.0,-0.011179838999998526
2022-10-26,98882.0161000001,0.0,98882.0161000001,0,0.0,-0.011179838999998526
2022-10-27,98882.0161000001,0.0,98882.0161000001,0,0.0,-0.011179838999998526
2022-10-28,98882.0161000001,0.0,98882.0161000001,0,0.0,-0.011179838999998526
2022-10-31,98882.0161000001,0.0,98882.0161000001,0,0.0,-0.011179838999998526
2022-11-01,98882.0161000001,0.0,98882.0161000001,0,0.0,-0.011179838999998526
2022-11-02,98882.0161000001,0.0,98882.0161000001,0,0.0,-0.011179838999998526
2022-11-03,98882.0161000001,0.0,98882.0161000001,0,0.0,-0.011179838999998526
2022-11-04,98882.0161000001,0.0,98882.0161000001,0,0.0,-0.011179838999998526
2022-11-07,-32493.384699999908,131335.0,98841.61530000009,100,-0.00040857581179520874,-0.011583846999998593
2022-11-08,-32493.384699999908,129572.0,97078.61530000009,100,-0.01783661663813374,-0.029213846999998516
2022-11-09,-32493.384699999908,127676.0,95182.61530000009,100,-0.019530562875673785,-0.04817384699999849
2022-11-10,-32493.384699999908,126191.00000000001,93697.6153000001,100,-0.015601588539246425,-0.0630238469999983
2022-11-11,-32493.384699999908,132174.0,99680.61530000009,100,0.06385434656841249,-0.003193846999998251
2022-11-14,-32493.384699999908,135476.0,102982.61530000009,100,0.033125798732905665,0.029826153000001687
2022-11-15,-32493.384699999908,134776.0,102282.61530000009,100,-0.00679726377079104,0.02282615300000157
2022-11-16,-32493.384699999908,139476.0,106982.61530000009,100,0.04595111286717368,0.06982615300000172
2022-11-17,-32493.384699999908,137964.0,105470.61530000009,100,-0.014133137386481476,0.0547061530000017
2022-11-18,-32493.384699999908,138276.0,105782.61530000009,100,0.002958169904599073,0.05782615300000171
2022-11-21,99994.8569000001,0.0,99994.8569000001,0,-0.054713701146316684,-5.143099999826983e-05
2022-11-22,99994.8569000001,0.0,99994.8569000001,0,0.0,-5.143099999826983e-05
2022-11-23,99994.8569000001,0.0,99994.8569000001,0,0.0,-5.143099999826983e-05
2022-11-24,99994.8569000001,0.0,99994.8569000001,0,0.0,-5.143099999826983e-05
2022-11-25,99994.8569000001,0.0,99994.8569000001,0,0.0,-5.143099999826983e-05
2022-11-28,99994.8569000001,0.0,99994.8569000001,0,0.0,-5.143099999826983e-05
2022-11-29,99994.8569000001,0.0,99994.8569000001,0,0.0,-5.143099999826983e-05
2022-11-30,99994.8569000001,0.0,99994.8569000001,0,0.0,-5.143099999826983e-05
2022-12-01,99994.8569000001,0.0,99994.8569000001,0,0.0,-5.143099999826983e-05
2022-12-02,99994.8569000001,0.0,99994.8569000001,0,0.0,-5.143099999826983e-05
2022-12-05,99994.8569000001,0.0,99994.8569000001,0,0.0,-5.143099999826983e-05
2022-12-06,99994.8569000001,0.0,99994.8569000001,0,0.0,-5.143099999826983e-05
2022-12-07,99994.8569000001,0.0,99994.8569000001,0,0.0,-5.143099999826983e-05
2022-12-08,99994.8569000001,0.0,99994.8569000001,0,0.0,-5.143099999826983e-05
2022-12-09,99994.8569000001,0.0,99994.8569000001,0,0.0,-5.143099999826983e-05
2022-12-12,99994.8569000001,0.0,99994.8569000001,0,0.0,-5.143099999826983e-05
2022-12-13,99994.8569000001,0.0,99994.8569000001,0,0.0,-5.143099999826983e-05
2022-12-14,99994.8569000001,0.0,99994.8569000001,0,0.0,-5.143099999826983e-05
2022-12-15,99994.8569000001,0.0,99994.8569000001,0,0.0,-5.143099999826983e-05
2022-12-16,99994.8569000001,0.0,99994.8569000001,0,0.0,-5.143099999826983e-05
2022-12-19,99994.8569000001,0.0,99994.8569000001,0,0.0,-5.143099999826983e-05
2022-12-20,99994.8569000001,0.0,99994.8569000001,0,0.0,-5.143099999826983e-05
2022-12-21,99994.8569000001,0.0,99994.8569000001,0,0.0,-5.143099999826983e-05
2022-12-22,99994.8569000001,0.0,99994.8569000001,0,0.0,-5.143099999826983e-05
2022-12-23,99994.8569000001,0.0,99994.8569000001,0,0.0,-5.143099999826983e-05
2022-12-26,99994.8569000001,0.0,99994.8569000001,0,0.0,-5.143099999826983e-05
2022-12-27,99994.8569000001,0.0,99994.8569000001,0,0.0,-5.143099999826983e-05
2022-12-28,99994.8569000001,0.0,99994.8569000001,0,0.0,-5.143099999826983e-05
2022-12-29,99994.8569000001,0.0,99994.8569000001,0,0.0,-5.143099999826983e-05
2022-12-30,99994.8569000001,0.0,99994.8569000001,0,0.0,-5.143099999826983e-05
2023-01-03,99994.8569000001,0.0,99994.8569000001,0,0.0,-5.143099999826983e-05
2023-01-04,99994.8569000001,0.0,99994.8569000001,0,0.0,-5.143099999826983e-05
2023-01-05,99994.8569000001,0.0,99994.8569000001,0,0.0,-5.143099999826983e-05
2023-01-06,99994.8569000001,0.0,99994.8569000001,0,0.0,-5.143099999826983e-05
2023-01-09,99994.8569000001,0.0,99994.8569000001,0,0.0,-5.143099999826983e-05
2023-01-10,99994.8569000001,0.0,99994.8569000001,0,0.0,-5.143099999826983e-05
2023-01-11,99994.8569000001,0.0,99994.8569000001,0,0.0,-5.143099999826983e-05
2023-01-12,99994.8569000001,0.0,99994.8569000001,0,0.0,-5.143099999826983e-05
2023-01-13,99994.8569000001,0.0,99994.8569000001,0,0.0,-5.143099999826983e-05
2023-01-16,99994.8569000001,0.0,99994.8569000001,0,0.0,-5.143099999826983e-05
2023-01-17,99994.8569000001,0.0,99994.8569000001,0,0.0,-5.143099999826983e-05
2023-01-18,99994.8569000001,0.0,99994.8569000001,0,0.0,-5.143099999826983e-05
2023-01-19,99994.8569000001,0.0,99994.8569000001,0,0.0,-5.143099999826983e-05
2023-01-20,99994.8569000001,0.0,99994.8569000001,0,0.0,-5.143099999826983e-05
2023-01-30,99994.8569000001,0.0,99994.8569000001,0,0.0,-5.143099999826983e-05
2023-01-31,99994.8569000001,0.0,99994.8569000001,0,0.0,-5.143099999826983e-05
2023-02-01,99994.8569000001,0.0,99994.8569000001,0,0.0,-5.143099999826983e-05
2023-02-02,99994.8569000001,0.0,99994.8569000001,0,0.0,-5.143099999826983e-05
2023-02-03,99994.8569000001,0.0,99994.8569000001,0,0.0,-5.143099999826983e-05
2023-02-06,99994.8569000001,0.0,99994.8569000001,0,0.0,-5.143099999826983e-05
2023-02-07,99994.8569000001,0.0,99994.8569000001,0,0.0,-5.143099999826983e-05
2023-02-08,99994.8569000001,0.0,99994.8569000001,0,0.0,-5.143099999826983e-05
2023-02-09,99994.8569000001,0.0,99994.8569000001,0,0.0,-5.143099999826983e-05
2023-02-10,99994.8569000001,0.0,99994.8569000001,0,0.0,-5.143099999826983e-05
2023-02-13,99994.8569000001,0.0,99994.8569000001,0,0.0,-5.143099999826983e-05
2023-02-14,99994.8569000001,0.0,99994.8569000001,0,0.0,-5.143099999826983e-05
2023-02-15,99994.8569000001,0.0,99994.8569000001,0,0.0,-5.143099999826983e-05
2023-02-16,99994.8569000001,0.0,99994.8569000001,0,0.0,-5.143099999826983e-05
2023-02-17,99994.8569000001,0.0,99994.8569000001,0,0.0,-5.143099999826983e-05
2023-02-20,99994.8569000001,0.0,99994.8569000001,0,0.0,-5.143099999826983e-05
2023-02-21,99994.8569000001,0.0,99994.8569000001,0,0.0,-5.143099999826983e-05
2023-02-22,99994.8569000001,0.0,99994.8569000001,0,0.0,-5.143099999826983e-05
2023-02-23,99994.8569000001,0.0,99994.8569000001,0,0.0,-5.143099999826983e-05
2023-02-24,99994.8569000001,0.0,99994.8569000001,0,0.0,-5.143099999826983e-05
2023-02-27,99994.8569000001,0.0,99994.8569000001,0,0.0,-5.143099999826983e-05
2023-02-28,99994.8569000001,0.0,99994.8569000001,0,0.0,-5.143099999826983e-05
2023-03-01,99994.8569000001,0.0,99994.8569000001,0,0.0,-5.143099999826983e-05
2023-03-02,99994.8569000001,0.0,99994.8569000001,0,0.0,-5.143099999826983e-05
2023-03-03,99994.8569000001,0.0,99994.8569000001,0,0.0,-5.143099999826983e-05
2023-03-06,99994.8569000001,0.0,99994.8569000001,0,0.0,-5.143099999826983e-05
2023-03-07,99994.8569000001,0.0,99994.8569000001,0,0.0,-5.143099999826983e-05
2023-03-08,99994.8569000001,0.0,99994.8569000001,0,0.0,-5.143099999826983e-05
2023-03-09,99994.8569000001,0.0,99994.8569000001,0,0.0,-5.143099999826983e-05
2023-03-10,99994.8569000001,0.0,99994.8569000001,0,0.0,-5.143099999826983e-05
2023-03-13,99994.8569000001,0.0,99994.8569000001,0,0.0,-5.143099999826983e-05
2023-03-14,99994.8569000001,0.0,99994.8569000001,0,0.0,-5.143099999826983e-05
2023-03-15,-59933.10709999991,159879.0,99945.8929000001,100,-0.0004896651839702004,-0.0005410709999984498
2023-03-16,-59933.10709999991,158768.0,98834.8929000001,100,-0.011116014553110287,-0.011651070999998514
2023-03-17,-59933.10709999991,158467.0,98533.8929000001,100,-0.003045483140296845,-0.014661070999998471
2023-03-20,-59933.10709999991,157667.0,97733.8929000001,100,-0.008119033729966474,-0.02266107099999848
2023-03-21,-59933.10709999991,157264.0,97330.8929000001,100,-0.004123441602928324,-0.026691070999998456
2023-03-22,-59933.10709999991,161422.0,101488.8929000001,100,0.04272024920465922,0.014888929000001605
2023-03-23,-59933.10709999991,161368.0,101434.8929000001,100,-0.0005320779294853972,0.01434892900000162
2023-03-24,-59933.10709999991,161467.0,101533.8929000001,100,0.0009759955097266015,0.015338929000001666
2023-03-27,-59933.10709999991,160467.0,100533.8929000001,100,-0.009848927992792467,0.005338929000001658
2023-03-28,-59933.10709999991,161369.0,101435.8929000001,100,0.008972098602579859,0.014358929000001686
2023-03-29,-59933.10709999991,163374.0,103440.8929000001,100,0.01976617884141474,0.03440892900000159
2023-03-30,-59933.10709999991,162767.0,102833.8929000001,100,-0.005868085463906492,0.028338929000001567
2023-03-31,-59933.10709999991,166767.0,106833.8929000001,100,0.038897681369407744,0.0683389290000016
2023-04-03,-59933.10709999991,164875.0,104941.8929000001,100,-0.017709735633905765,0.049418929000001555
2023-04-04,-59933.10709999991,163567.0,103633.8929000001,100,-0.012464040469008952,0.036338929000001574
2023-04-06,-59933.10709999991,163689.0,103755.8929000001,100,0.0011772210479221723,0.03755892900000157
2023-04-07,-59933.10709999991,163701.0,103767.8929000001,100,0.00011565608144836759,0.03767892900000147
2023-04-10,-59933.10709999991,159267.0,99333.8929000001,100,-0.04272998011314533,-0.006661070999998575
2023-04-11,-59933.10709999991,159267.0,99333.8929000001,100,0.0,-0.006661070999998575
2023-04-12,94168.6485000001,0.0,94168.6485000001,0,-0.051998811777163256,-0.058313514999998595
2023-04-13,94168.6485000001,0.0,94168.6485000001,0,0.0,-0.058313514999998595
2023-04-14,94168.6485000001,0.0,94168.6485000001,0,0.0,-0.058313514999998595
2023-04-17,94168.6485000001,0.0,94168.6485000001,0,0.0,-0.058313514999998595
2023-04-18,94168.6485000001,0.0,94168.6485000001,0,0.0,-0.058313514999998595
2023-04-19,94168.6485000001,0.0,94168.6485000001,0,0.0,-0.058313514999998595
2023-04-20,94168.6485000001,0.0,94168.6485000001,0,0.0,-0.058313514999998595
2023-04-21,94168.6485000001,0.0,94168.6485000001,0,0.0,-0.058313514999998595
2023-04-24,94168.6485000001,0.0,94168.6485000001,0,0.0,-0.058313514999998595
2023-04-25,-60945.87189999991,155067.0,94121.12810000009,100,-0.0005046307954605922,-0.0587887189999986
2023-04-26,-60945.87189999991,156867.0,95921.12810000009,100,0.019124292667716203,-0.040788718999998475
2023-04-27,-60945.87189999991,157867.0,96921.12810000009,100,0.010425231852543293,-0.030788718999998355
2023-04-28,-60945.87189999991,160264.0,99318.12810000009,100,0.024731449653855098,-0.006818718999998419
2023-05-04,97472.58830000009,0.0,97472.58830000009,0,-0.01858210414660444,-0.025274116999998486
2023-05-05,97472.58830000009,0.0,97472.58830000009,0,0.0,-0.025274116999998486
2023-05-08,97472.58830000009,0.0,97472.58830000009,0,0.0,-0.025274116999998486
2023-05-09,97472.58830000009,0.0,97472.58830000009,0,0.0,-0.025274116999998486
2023-05-10,97472.58830000009,0.0,97472.58830000009,0,0.0,-0.025274116999998486
2023-05-11,97472.58830000009,0.0,97472.58830000009,0,0.0,-0.025274116999998486
2023-05-12,97472.58830000009,0.0,97472.58830000009,0,0.0,-0.025274116999998486
2023-05-15,97472.58830000009,0.0,97472.58830000009,0,0.0,-0.025274116999998486
2023-05-16,97472.58830000009,0.0,97472.58830000009,0,0.0,-0.025274116999998486
2023-05-17,97472.58830000009,0.0,97472.58830000009,0,0.0,-0.025274116999998486
2023-05-18,97472.58830000009,0.0,97472.58830000009,0,0.0,-0.025274116999998486
2023-05-19,97472.58830000009,0.0,97472.58830000009,0,0.0,-0.025274116999998486
2023-05-22,97472.58830000009,0.0,97472.58830000009,0,0.0,-0.025274116999998486
2023-05-23,97472.58830000009,0.0,97472.58830000009,0,0.0,-0.025274116999998486
2023-05-24,97472.58830000009,0.0,97472.58830000009,0,0.0,-0.025274116999998486
2023-05-25,97472.58830000009,0.0,97472.58830000009,0,0.0,-0.025274116999998486
2023-05-26,97472.58830000009,0.0,97472.58830000009,0,0.0,-0.025274116999998486
2023-05-29,97472.58830000009,0.0,97472.58830000009,0,0.0,-0.025274116999998486
2023-05-30,97472.58830000009,0.0,97472.58830000009,0,0.0,-0.025274116999998486
2023-05-31,97472.58830000009,0.0,97472.58830000009,0,0.0,-0.025274116999998486
2023-06-01,97472.58830000009,0.0,97472.58830000009,0,0.0,-0.025274116999998486
2023-06-02,97472.58830000009,0.0,97472.58830000009,0,0.0,-0.025274116999998486
2023-06-05,97472.58830000009,0.0,97472.58830000009,0,0.0,-0.025274116999998486
2023-06-06,97472.58830000009,0.0,97472.58830000009,0,0.0,-0.025274116999998486
2023-06-07,97472.58830000009,0.0,97472.58830000009,0,0.0,-0.025274116999998486
2023-06-08,97472.58830000009,0.0,97472.58830000009,0,0.0,-0.025274116999998486
2023-06-09,97472.58830000009,0.0,97472.58830000009,0,0.0,-0.025274116999998486
2023-06-12,97472.58830000009,0.0,97472.58830000009,0,0.0,-0.025274116999998486
2023-06-13,97472.58830000009,0.0,97472.58830000009,0,0.0,-0.025274116999998486
2023-06-14,97472.58830000009,0.0,97472.58830000009,0,0.0,-0.025274116999998486
2023-06-15,97472.58830000009,0.0,97472.58830000009,0,0.0,-0.025274116999998486
2023-06-16,97472.58830000009,0.0,97472.58830000009,0,0.0,-0.025274116999998486
2023-06-19,97472.58830000009,0.0,97472.58830000009,0,0.0,-0.025274116999998486
2023-06-20,97472.58830000009,0.0,97472.58830000009,0,0.0,-0.025274116999998486
2023-06-21,97472.58830000009,0.0,97472.58830000009,0,0.0,-0.025274116999998486
2023-06-26,97472.58830000009,0.0,97472.58830000009,0,0.0,-0.025274116999998486
2023-06-27,97472.58830000009,0.0,97472.58830000009,0,0.0,-0.025274116999998486
2023-06-28,97472.58830000009,0.0,97472.58830000009,0,0.0,-0.025274116999998486
2023-06-29,97472.58830000009,0.0,97472.58830000009,0,0.0,-0.025274116999998486
2023-06-30,97472.58830000009,0.0,97472.58830000009,0,0.0,-0.025274116999998486
2023-07-03,97472.58830000009,0.0,97472.58830000009,0,0.0,-0.025274116999998486
2023-07-04,97472.58830000009,0.0,97472.58830000009,0,0.0,-0.025274116999998486
2023-07-05,97472.58830000009,0.0,97472.58830000009,0,0.0,-0.025274116999998486
2023-07-06,97472.58830000009,0.0,97472.58830000009,0,0.0,-0.025274116999998486
2023-07-07,97472.58830000009,0.0,97472.58830000009,0,0.0,-0.025274116999998486
2023-07-10,97472.58830000009,0.0,97472.58830000009,0,0.0,-0.025274116999998486
2023-07-11,97472.58830000009,0.0,97472.58830000009,0,0.0,-0.025274116999998486
2023-07-12,97472.58830000009,0.0,97472.58830000009,0,0.0,-0.025274116999998486
2023-07-13,97472.58830000009,0.0,97472.58830000009,0,0.0,-0.025274116999998486
2023-07-14,97472.58830000009,0.0,97472.58830000009,0,0.0,-0.025274116999998486
2023-07-17,97472.58830000009,0.0,97472.58830000009,0,0.0,-0.025274116999998486
2023-07-18,97472.58830000009,0.0,97472.58830000009,0,0.0,-0.025274116999998486
2023-07-19,97472.58830000009,0.0,97472.58830000009,0,0.0,-0.025274116999998486
2023-07-20,97472.58830000009,0.0,97472.58830000009,0,0.0,-0.025274116999998486
2023-07-21,97472.58830000009,0.0,97472.58830000009,0,0.0,-0.025274116999998486
2023-07-24,97472.58830000009,0.0,97472.58830000009,0,0.0,-0.025274116999998486
2023-07-25,97472.58830000009,0.0,97472.58830000009,0,0.0,-0.025274116999998486
2023-07-26,97472.58830000009,0.0,97472.58830000009,0,0.0,-0.025274116999998486
2023-07-27,97472.58830000009,0.0,97472.58830000009,0,0.0,-0.025274116999998486
2023-07-28,97472.58830000009,0.0,97472.58830000009,0,0.0,-0.025274116999998486
2023-07-31,97472.58830000009,0.0,97472.58830000009,0,0.0,-0.025274116999998486
2023-08-01,97472.58830000009,0.0,97472.58830000009,0,0.0,-0.025274116999998486
2023-08-02,97472.58830000009,0.0,97472.58830000009,0,0.0,-0.025274116999998486
2023-08-03,97472.58830000009,0.0,97472.58830000009,0,0.0,-0.025274116999998486
2023-08-04,97472.58830000009,0.0,97472.58830000009,0,0.0,-0.025274116999998486
2023-08-07,97472.58830000009,0.0,97472.58830000009,0,0.0,-0.025274116999998486
2023-08-08,97472.58830000009,0.0,97472.58830000009,0,0.0,-0.025274116999998486
2023-08-09,97472.58830000009,0.0,97472.58830000009,0,0.0,-0.025274116999998486
2023-08-10,97472.58830000009,0.0,97472.58830000009,0,0.0,-0.025274116999998486
2023-08-11,97472.58830000009,0.0,97472.58830000009,0,0.0,-0.025274116999998486
2023-08-14,97472.58830000009,0.0,97472.58830000009,0,0.0,-0.025274116999998486
2023-08-15,97472.58830000009,0.0,97472.58830000009,0,0.0,-0.025274116999998486
2023-08-16,97472.58830000009,0.0,97472.58830000009,0,0.0,-0.025274116999998486
2023-08-17,97472.58830000009,0.0,97472.58830000009,0,0.0,-0.025274116999998486
2023-08-18,97472.58830000009,0.0,97472.58830000009,0,0.0,-0.025274116999998486
2023-08-21,97472.58830000009,0.0,97472.58830000009,0,0.0,-0.025274116999998486
2023-08-22,97472.58830000009,0.0,97472.58830000009,0,0.0,-0.025274116999998486
2023-08-23,-67043.75179999991,164466.0,97422.24820000009,100,-0.0005164539167161752,-0.0257775179999985
2023-08-24,-67043.75179999991,164958.0,97914.24820000009,100,0.005050181135113574,-0.020857517999998576
2023-08-25,-67043.75179999991,168059.0,101015.24820000009,100,0.031670569472850296,0.010152482000001628
2023-08-28,-67043.75179999991,170646.0,103602.24820000009,100,0.02560999498687555,0.036022482000001466
2023-08-29,-67043.75179999991,170258.0,103214.24820000009,100,-0.00374509247377508,0.03214248200000158
2023-08-30,-67043.75179999991,171824.0,104780.24820000009,100,0.015172323853636316,0.04780248200000159
2023-08-31,-67043.75179999991,171559.0,104515.24820000009,100,-0.0025291026176439413,0.04515248200000155
2023-09-01,-67043.75179999991,172061.0,105017.24820000009,100,0.00480312689914264,0.05017248200000135
2023-09-04,-67043.75179999991,172811.0,105767.24820000009,100,0.007141683988630687,0.05767248200000141
2023-09-05,-67043.75179999991,173138.0,106094.24820000009,100,0.0030916943152539123,0.0609424820000013
2023-09-06,-67043.75179999991,172359.0,105315.24820000009,100,-0.007342528112659785,0.05315248200000133
2023-09-07,-67043.75179999991,170577.0,103533.24820000009,100,-0.016920626694207352,0.035332482000001386
2023-09-08,-67043.75179999991,168953.0,101909.24820000009,100,-0.015685782376525514,0.019092482000001354
2023-09-11,-67043.75179999991,168258.0,101214.24820000009,100,-0.006819793220690262,0.012142482000001342
2023-09-12,-67043.75179999991,169060.0,102016.24820000009,100,0.007923785576268383,0.02016248200000148
2023-09-13,-67043.75179999991,167463.0,100419.24820000009,100,-0.015654369065495555,0.004192482000001441
2023-09-14,100962.8311000001,0.0,100962.8311000001,0,0.005413134530915631,0.0096283110000015
2023-09-15,100962.8311000001,0.0,100962.8311000001,0,0.0,0.0096283110000015
2023-09-18,100962.8311000001,0.0,100962.8311000001,0,0.0,0.0096283110000015
2023-09-19,100962.8311000001,0.0,100962.8311000001,0,0.0,0.0096283110000015
2023-09-20,100962.8311000001,0.0,100962.8311000001,0,0.0,0.0096283110000015
2023-09-21,100962.8311000001,0.0,100962.8311000001,0,0.0,0.0096283110000015
2023-09-22,100962.8311000001,0.0,100962.8311000001,0,0.0,0.0096283110000015
2023-09-25,100962.8311000001,0.0,100962.8311000001,0,0.0,0.0096283110000015
2023-09-26,100962.8311000001,0.0,100962.8311000001,0,0.0,0.0096283110000015
2023-09-27,100962.8311000001,0.0,100962.8311000001,0,0.0,0.0096283110000015
2023-09-28,100962.8311000001,0.0,100962.8311000001,0,0.0,0.0096283110000015
2023-10-09,100962.8311000001,0.0,100962.8311000001,0,0.0,0.0096283110000015
2023-10-10,100962.8311000001,0.0,100962.8311000001,0,0.0,0.0096283110000015
2023-10-11,100962.8311000001,0.0,100962.8311000001,0,0.0,0.0096283110000015
2023-10-12,100962.8311000001,0.0,100962.8311000001,0,0.0,0.0096283110000015
2023-10-13,100962.8311000001,0.0,100962.8311000001,0,0.0,0.0096283110000015
2023-10-16,100962.8311000001,0.0,100962.8311000001,0,0.0,0.0096283110000015
2023-10-17,100962.8311000001,0.0,100962.8311000001,0,0.0,0.0096283110000015
2023-10-18,100962.8311000001,0.0,100962.8311000001,0,0.0,0.0096283110000015
2023-10-19,100962.8311000001,0.0,100962.8311000001,0,0.0,0.0096283110000015
2023-10-20,100962.8311000001,0.0,100962.8311000001,0,0.0,0.0096283110000015
2023-10-23,100962.8311000001,0.0,100962.8311000001,0,0.0,0.0096283110000015
2023-10-24,100962.8311000001,0.0,100962.8311000001,0,0.0,0.0096283110000015
2023-10-25,100962.8311000001,0.0,100962.8311000001,0,0.0,0.0096283110000015
2023-10-26,100962.8311000001,0.0,100962.8311000001,0,0.0,0.0096283110000015
2023-10-27,100962.8311000001,0.0,100962.8311000001,0,0.0,0.0096283110000015
2023-10-30,100962.8311000001,0.0,100962.8311000001,0,0.0,0.0096283110000015
2023-10-31,100962.8311000001,0.0,100962.8311000001,0,0.0,0.0096283110000015
2023-11-01,-63924.62029999989,164837.0,100912.3797000001,100,-0.0004997027069300053,0.009123797000001543
2023-11-02,-63924.62029999989,165064.0,101139.3797000001,100,0.002249476235471226,0.011393797000001538
2023-11-03,-63924.62029999989,164858.0,100933.3797000001,100,-0.0020367931918411353,0.009333797000001587
2023-11-06,-63924.62029999989,167570.0,103645.3797000001,100,0.026869208264508337,0.03645379700000162
2023-11-07,-63924.62029999989,165866.0,101941.3797000001,100,-0.016440674972026725,0.019413797000001676
2023-11-08,-63924.62029999989,165745.0,101820.3797000001,100,-0.001186956664272043,0.018203797000001742
2023-11-09,-63924.62029999989,165758.0,101833.3797000001,100,0.00012767581537520556,0.018333797000001928
2023-11-10,-63924.62029999989,164768.0,100843.3797000001,100,-0.009721763167603092,0.008433797000001908
2023-11-13,-63924.62029999989,163156.0,99231.3797000001,100,-0.015985184201437463,-0.007686202999998115
2023-11-14,-63924.62029999989,163459.0,99534.3797000001,100,0.0030534695871007322,-0.004656202999998138
2023-11-15,-63924.62029999989,164158.0,100233.3797000001,100,0.0070226991126765,0.0023337970000019137
2023-11-16,-63924.62029999989,163463.0,99538.3797000001,100,-0.006933817876640935,-0.004616202999998098
2023-11-17,97274.00560000012,0.0,97274.00560000012,0,-0.02274875386584163,-0.027259943999997982
2023-11-20,97274.00560000012,0.0,97274.00560000012,0,0.0,-0.027259943999997982
2023-11-21,97274.00560000012,0.0,97274.00560000012,0,0.0,-0.027259943999997982
2023-11-22,97274.00560000012,0.0,97274.00560000012,0,0.0,-0.027259943999997982
2023-11-23,97274.00560000012,0.0,97274.00560000012,0,0.0,-0.027259943999997982
2023-11-24,97274.00560000012,0.0,97274.00560000012,0,0.0,-0.027259943999997982
2023-11-27,97274.00560000012,0.0,97274.00560000012,0,0.0,-0.027259943999997982
2023-11-28,97274.00560000012,0.0,97274.00560000012,0,0.0,-0.027259943999997982
2023-11-29,97274.00560000012,0.0,97274.00560000012,0,0.0,-0.027259943999997982
2023-11-30,97274.00560000012,0.0,97274.00560000012,0,0.0,-0.027259943999997982
2023-12-01,97274.00560000012,0.0,97274.00560000012,0,0.0,-0.027259943999997982
2023-12-04,97274.00560000012,0.0,97274.00560000012,0,0.0,-0.027259943999997982
2023-12-05,97274.00560000012,0.0,97274.00560000012,0,0.0,-0.027259943999997982
2023-12-06,97274.00560000012,0.0,97274.00560000012,0,0.0,-0.027259943999997982
2023-12-07,97274.00560000012,0.0,97274.00560000012,0,0.0,-0.027259943999997982
2023-12-08,97274.00560000012,0.0,97274.00560000012,0,0.0,-0.027259943999997982
2023-12-11,97274.00560000012,0.0,97274.00560000012,0,0.0,-0.027259943999997982
2023-12-12,97274.00560000012,0.0,97274.00560000012,0,0.0,-0.027259943999997982
2023-12-13,97274.00560000012,0.0,97274.00560000012,0,0.0,-0.027259943999997982
2023-12-14,97274.00560000012,0.0,97274.00560000012,0,0.0,-0.027259943999997982
2023-12-15,97274.00560000012,0.0,97274.00560000012,0,0.0,-0.027259943999997982
2023-12-18,97274.00560000012,0.0,97274.00560000012,0,0.0,-0.027259943999997982
2023-12-19,97274.00560000012,0.0,97274.00560000012,0,0.0,-0.027259943999997982
2023-12-20,97274.00560000012,0.0,97274.00560000012,0,0.0,-0.027259943999997982
2023-12-21,-56142.00539999988,153369.0,97226.99460000012,100,-0.0004832843030369016,-0.02773005399999806
2023-12-22,-56142.00539999988,155169.0,99026.99460000012,100,0.018513376942333126,-0.009730053999998156
2023-12-25,-56142.00539999988,156168.0,100025.99460000012,100,0.01008815832526544,0.00025994600000189827
2023-12-26,-56142.00539999988,155118.0,98975.99460000012,100,-0.01049727127632083,-0.010240053999998167
2023-12-27,-56142.00539999988,155468.0,99325.99460000012,100,0.0035362109915084705,-0.006740053999998108
2023-12-28,-56142.00539999988,156074.0,99931.99460000012,100,0.006101121891005867,-0.0006800539999981536
2023-12-29,-56142.00539999988,161368.0,105225.99460000012,100,0.05297602655876532,0.052259946000001944
2024-01-02,-56142.00539999988,157178.0,101035.99460000012,100,-0.039819058170251775,0.010359946000001896
2024-01-03,-56142.00539999988,157001.0,100858.99460000012,100,-0.0017518509190782572,0.008589946000001847
2024-01-04,-56142.00539999988,155661.0,99518.99460000012,100,-0.013285875050751295,-0.004810053999998121
2024-01-05,-56142.00539999988,154579.0,98436.99460000012,100,-0.010872296332463116,-0.01563005399999806
2024-01-08,-56142.00539999988,153369.0,97226.99460000012,100,-0.012292126602573061,-0.02773005399999806
2024-01-09,-56142.00539999988,152875.0,96732.99460000012,100,-0.005080893449729285,-0.03267005399999812
2024-01-10,96979.04450000013,0.0,96979.04450000013,0,0.0025435985003612327,-0.030209554999998
2024-01-11,96979.04450000013,0.0,96979.04450000013,0,0.0,-0.030209554999998
2024-01-12,96979.04450000013,0.0,96979.04450000013,0,0.0,-0.030209554999998
2024-01-15,96979.04450000013,0.0,96979.04450000013,0,0.0,-0.030209554999998
2024-01-16,96979.04450000013,0.0,96979.04450000013,0,0.0,-0.030209554999998
2024-01-17,96979.04450000013,0.0,96979.04450000013,0,0.0,-0.030209554999998
2024-01-18,96979.04450000013,0.0,96979.04450000013,0,0.0,-0.030209554999998
2024-01-19,96979.04450000013,0.0,96979.04450000013,0,0.0,-0.030209554999998
2024-01-22,-54323.33259999988,151256.0,96932.66740000012,100,-0.00047821774527812,-0.03067332599999817
2024-01-23,-54323.33259999988,150268.0,95944.66740000012,100,-0.010192642238172844,-0.04055332599999817
2024-01-24,-54323.33259999988,149724.0,95400.66740000012,100,-0.005669934710722635,-0.04599332599999817
2024-01-25,-54323.33259999988,151568.0,97244.66740000012,100,0.019329005239223207,-0.027553325999998268
2024-01-26,-54323.33259999988,151668.0,97344.66740000012,100,0.0010283340225605286,-0.026553325999998267
2024-01-29,-54323.33259999988,153397.0,99073.66740000012,100,0.017761630361274428,-0.00926332599999824
2024-01-30,95998.55730000013,0.0,95998.55730000013,0,-0.031038621873000216,-0.04001442699999813
2024-01-31,95998.55730000013,0.0,95998.55730000013,0,0.0,-0.04001442699999813
2024-02-01,95998.55730000013,0.0,95998.55730000013,0,0.0,-0.04001442699999813
2024-02-02,95998.55730000013,0.0,95998.55730000013,0,0.0,-0.04001442699999813
2024-02-05,95998.55730000013,0.0,95998.55730000013,0,0.0,-0.04001442699999813
2024-02-06,95998.55730000013,0.0,95998.55730000013,0,0.0,-0.04001442699999813
2024-02-07,95998.55730000013,0.0,95998.55730000013,0,0.0,-0.04001442699999813
2024-02-08,95998.55730000013,0.0,95998.55730000013,0,0.0,-0.04001442699999813
2024-02-19,95998.55730000013,0.0,95998.55730000013,0,0.0,-0.04001442699999813
2024-02-20,95998.55730000013,0.0,95998.55730000013,0,0.0,-0.04001442699999813
2024-02-21,95998.55730000013,0.0,95998.55730000013,0,0.0,-0.04001442699999813
2024-02-22,95998.55730000013,0.0,95998.55730000013,0,0.0,-0.04001442699999813
2024-02-23,95998.55730000013,0.0,95998.55730000013,0,0.0,-0.04001442699999813
2024-02-26,95998.55730000013,0.0,95998.55730000013,0,0.0,-0.04001442699999813
2024-02-27,95998.55730000013,0.0,95998.55730000013,0,0.0,-0.04001442699999813
2024-02-28,95998.55730000013,0.0,95998.55730000013,0,0.0,-0.04001442699999813
2024-02-29,95998.55730000013,0.0,95998.55730000013,0,0.0,-0.04001442699999813
2024-03-01,95998.55730000013,0.0,95998.55730000013,0,0.0,-0.04001442699999813
2024-03-04,95998.55730000013,0.0,95998.55730000013,0,0.0,-0.04001442699999813
2024-03-05,95998.55730000013,0.0,95998.55730000013,0,0.0,-0.04001442699999813
2024-03-06,95998.55730000013,0.0,95998.55730000013,0,0.0,-0.04001442699999813
2024-03-07,95998.55730000013,0.0,95998.55730000013,0,0.0,-0.04001442699999813
2024-03-08,95998.55730000013,0.0,95998.55730000013,0,0.0,-0.04001442699999813
2024-03-11,95998.55730000013,0.0,95998.55730000013,0,0.0,-0.04001442699999813
2024-03-12,95998.55730000013,0.0,95998.55730000013,0,0.0,-0.04001442699999813
2024-03-13,95998.55730000013,0.0,95998.55730000013,0,0.0,-0.04001442699999813
2024-03-14,95998.55730000013,0.0,95998.55730000013,0,0.0,-0.04001442699999813
2024-03-15,95998.55730000013,0.0,95998.55730000013,0,0.0,-0.04001442699999813
2024-03-18,95998.55730000013,0.0,95998.55730000013,0,0.0,-0.04001442699999813
2024-03-19,95998.55730000013,0.0,95998.55730000013,0,0.0,-0.04001442699999813
2024-03-20,95998.55730000013,0.0,95998.55730000013,0,0.0,-0.04001442699999813
2024-03-21,95998.55730000013,0.0,95998.55730000013,0,0.0,-0.04001442699999813
2024-03-22,95998.55730000013,0.0,95998.55730000013,0,0.0,-0.04001442699999813
2024-03-25,95998.55730000013,0.0,95998.55730000013,0,0.0,-0.04001442699999813
2024-03-26,95998.55730000013,0.0,95998.55730000013,0,0.0,-0.04001442699999813
2024-03-27,95998.55730000013,0.0,95998.55730000013,0,0.0,-0.04001442699999813
2024-03-28,95998.55730000013,0.0,95998.55730000013,0,0.0,-0.04001442699999813
2024-03-29,95998.55730000013,0.0,95998.55730000013,0,0.0,-0.04001442699999813
2024-04-01,95998.55730000013,0.0,95998.55730000013,0,0.0,-0.04001442699999813
2024-04-02,95998.55730000013,0.0,95998.55730000013,0,0.0,-0.04001442699999813
2024-04-03,95998.55730000013,0.0,95998.55730000013,0,0.0,-0.04001442699999813
2024-04-08,95998.55730000013,0.0,95998.55730000013,0,0.0,-0.04001442699999813
2024-04-09,95998.55730000013,0.0,95998.55730000013,0,0.0,-0.04001442699999813
2024-04-10,95998.55730000013,0.0,95998.55730000013,0,0.0,-0.04001442699999813
2024-04-11,95998.55730000013,0.0,95998.55730000013,0,0.0,-0.04001442699999813
2024-04-12,95998.55730000013,0.0,95998.55730000013,0,0.0,-0.04001442699999813
2024-04-15,-56914.30279999986,152866.0,95951.69720000014,100,-0.00048813337739594953,-0.040483027999998034
2024-04-16,-56914.30279999986,155268.0,98353.69720000014,100,0.02503342900744432,-0.016463027999997992
2024-04-17,-56914.30279999986,155168.0,98253.69720000014,100,-0.001016738595974176,-0.017463027999997993
2024-04-18,-56914.30279999986,155186.0,98271.69720000014,100,0.00018319921298592945,-0.017283027999998035
2024-04-19,-56914.30279999986,153496.0,96581.69720000014,100,-0.017197220035393812,-0.03418302799999806
2024-04-22,-56914.30279999986,153868.0,96953.69720000014,100,0.0038516614512340563,-0.030463027999998005
2024-04-23,-56914.30279999986,156868.0,99953.69720000014,100,0.030942605456411476,-0.0004630279999980891
2024-04-24,-56914.30279999986,157701.0,100786.69720000014,100,0.008333858809977057,0.00786697200000197
2024-04-25,-56914.30279999986,157593.0,100678.69720000014,100,-0.0010715699889012331,0.006786972000002001
2024-04-26,-56914.30279999986,158766.0,101851.69720000014,100,0.011650925494891995,0.01851697200000202
2024-04-29,-56914.30279999986,158750.0,101835.69720000014,100,-0.00015709114761808252,0.01835697200000208
2024-04-30,-56914.30279999986,159868.0,102953.69720000014,100,0.010978468560040477,0.02953697200000205
2024-05-06,-56914.30279999986,162068.0,105153.69720000014,100,0.02136882948191965,0.05153697200000207
2024-05-07,-56914.30279999986,165036.0,108121.69720000014,100,0.028225350881908806,0.081216972000002
2024-05-08,-56914.30279999986,164935.0,108020.69720000014,100,-0.0009341325803753353,0.08020697200000204
2024-05-09,-56914.30279999986,164368.0,107453.69720000014,100,-0.005248994078886571,0.07453697200000198
2024-05-10,-56914.30279999986,162767.0,105852.69720000014,100,-0.014899440798394448,0.0585269720000019
2024-05-13,102526.85050000015,0.0,102526.85050000015,0,-0.031419574446138854,0.025268505000001884
2024-05-14,102526.85050000015,0.0,102526.85050000015,0,0.0,0.025268505000001884
2024-05-15,102526.85050000015,0.0,102526.85050000015,0,0.0,0.025268505000001884
2024-05-16,102526.85050000015,0.0,102526.85050000015,0,0.0,0.025268505000001884
2024-05-17,102526.85050000015,0.0,102526.85050000015,0,0.0,0.025268505000001884
2024-05-20,102526.85050000015,0.0,102526.85050000015,0,0.0,0.025268505000001884
2024-05-21,102526.85050000015,0.0,102526.85050000015,0,0.0,0.025268505000001884
2024-05-22,102526.85050000015,0.0,102526.85050000015,0,0.0,0.025268505000001884
2024-05-23,102526.85050000015,0.0,102526.85050000015,0,0.0,0.025268505000001884
2024-05-24,102526.85050000015,0.0,102526.85050000015,0,0.0,0.025268505000001884
2024-05-27,102526.85050000015,0.0,102526.85050000015,0,0.0,0.025268505000001884
2024-05-28,102526.85050000015,0.0,102526.85050000015,0,0.0,0.025268505000001884
2024-05-29,102526.85050000015,0.0,102526.85050000015,0,0.0,0.025268505000001884
2024-05-30,102526.85050000015,0.0,102526.85050000015,0,0.0,0.025268505000001884
2024-05-31,102526.85050000015,0.0,102526.85050000015,0,0.0,0.025268505000001884
2024-06-03,102526.85050000015,0.0,102526.85050000015,0,0.0,0.025268505000001884
2024-06-04,102526.85050000015,0.0,102526.85050000015,0,0.0,0.025268505000001884
2024-06-05,102526.85050000015,0.0,102526.85050000015,0,0.0,0.025268505000001884
2024-06-06,102526.85050000015,0.0,102526.85050000015,0,0.0,0.025268505000001884
2024-06-07,102526.85050000015,0.0,102526.85050000015,0,0.0,0.025268505000001884
2024-06-11,102526.85050000015,0.0,102526.85050000015,0,0.0,0.025268505000001884
2024-06-12,102526.85050000015,0.0,102526.85050000015,0,0.0,0.025268505000001884
2024-06-13,102526.85050000015,0.0,102526.85050000015,0,0.0,0.025268505000001884
2024-06-14,102526.85050000015,0.0,102526.85050000015,0,0.0,0.025268505000001884
2024-06-17,102526.85050000015,0.0,102526.85050000015,0,0.0,0.025268505000001884
2024-06-18,102526.85050000015,0.0,102526.85050000015,0,0.0,0.025268505000001884
2024-06-19,102526.85050000015,0.0,102526.85050000015,0,0.0,0.025268505000001884
2024-06-20,102526.85050000015,0.0,102526.85050000015,0,0.0,0.025268505000001884
2024-06-21,102526.85050000015,0.0,102526.85050000015,0,0.0,0.025268505000001884
2024-06-24,102526.85050000015,0.0,102526.85050000015,0,0.0,0.025268505000001884
2024-06-25,102526.85050000015,0.0,102526.85050000015,0,0.0,0.025268505000001884
2024-06-26,102526.85050000015,0.0,102526.85050000015,0,0.0,0.025268505000001884
2024-06-27,102526.85050000015,0.0,102526.85050000015,0,0.0,0.025268505000001884
2024-06-28,102526.85050000015,0.0,102526.85050000015,0,0.0,0.025268505000001884
2024-07-01,-32770.72659999985,135256.0,102485.27340000015,100,-0.0004055240144140715,0.024852734000001986
2024-07-02,-32770.72659999985,135756.0,102985.27340000015,100,0.004878749730690579,0.0298527340000021
2024-07-03,-32770.72659999985,141258.0,108487.27340000015,100,0.053425114274639585,0.08487273400000217
2024-07-04,-32770.72659999985,140569.0,107798.27340000015,100,-0.006350975357815591,0.07798273400000211
2024-07-05,-32770.72659999985,137456.0,104685.27340000015,100,-0.028878013550818094,0.046852734000002005
2024-07-08,-32770.72659999985,134370.0,101599.27340000015,100,-0.029478835941025405,0.015992734000002118
2024-07-09,-32770.72659999985,133466.0,100695.27340000015,100,-0.008897701427852955,0.006952734000002181
2024-07-10,-32770.72659999985,135956.0,103185.27340000015,100,0.024728072291027692,0.0318527340000021
2024-07-11,-32770.72659999985,136477.0,103706.27340000015,100,0.005049170127023217,0.03706273400000204
2024-07-12,-32770.72659999985,139001.0,106230.27340000015,100,0.02433796835283819,0.06230273400000197
2024-07-15,106642.43690000015,0.0,106642.43690000015,0,0.003879906233960506,0.06642436900000193
2024-07-16,106642.43690000015,0.0,106642.43690000015,0,0.0,0.06642436900000193
2024-07-17,106642.43690000015,0.0,106642.43690000015,0,0.0,0.06642436900000193
2024-07-18,106642.43690000015,0.0,106642.43690000015,0,0.0,0.06642436900000193
2024-07-19,106642.43690000015,0.0,106642.43690000015,0,0.0,0.06642436900000193
2024-07-22,106642.43690000015,0.0,106642.43690000015,0,0.0,0.06642436900000193
2024-07-23,106642.43690000015,0.0,106642.43690000015,0,0.0,0.06642436900000193
2024-07-24,106642.43690000015,0.0,106642.43690000015,0,0.0,0.06642436900000193
2024-07-25,106642.43690000015,0.0,106642.43690000015,0,0.0,0.06642436900000193
2024-07-26,106642.43690000015,0.0,106642.43690000015,0,0.0,0.06642436900000193
2024-07-29,106642.43690000015,0.0,106642.43690000015,0,0.0,0.06642436900000193
2024-07-30,106642.43690000015,0.0,106642.43690000015,0,0.0,0.06642436900000193
2024-07-31,106642.43690000015,0.0,106642.43690000015,0,0.0,0.06642436900000193
2024-08-01,106642.43690000015,0.0,106642.43690000015,0,0.0,0.06642436900000193
2024-08-02,106642.43690000015,0.0,106642.43690000015,0,0.0,0.06642436900000193
2024-08-05,-24405.86579999984,131008.0,106602.13420000016,100,-0.00037792365939437467,0.0660213420000022
2024-08-06,-24405.86579999984,131857.0,107451.13420000016,100,0.007964193272220532,0.07451134200000209
2024-08-07,-24405.86579999984,132286.0,107880.13420000016,100,0.003992512533199433,0.078801342000002
2024-08-08,-24405.86579999984,133356.0,108950.13420000016,100,0.009918415544573955,0.08950134200000215
2024-08-09,-24405.86579999984,136136.0,111730.13420000016,100,0.025516260447157713,0.11730134200000197
2024-08-12,-24405.86579999984,135114.0,110708.13420000016,100,-0.009147039939740753,0.10708134200000208
2024-08-13,-24405.86579999984,133657.0,109251.13420000016,100,-0.013160731237398027,0.0925113420000021
2024-08-14,-24405.86579999984,133658.0,109252.13420000016,100,9.153223051949766e-06,0.09252134200000217
2024-08-15,-24405.86579999984,132851.0,108445.13420000016,100,-0.007386583391796098,0.08445134200000215
2024-08-16,-24405.86579999984,134157.0,109751.13420000016,100,0.012042956188254683,0.09751134200000222
2024-08-19,-24405.86579999984,134956.0,110550.13420000016,100,0.007280106996835123,0.10550134200000238
2024-08-20,109408.97770000015,0.0,109408.97770000015,0,-0.010322524782606868,0.0940897770000022
2024-08-21,109408.97770000015,0.0,109408.97770000015,0,0.0,0.0940897770000022
2024-08-22,109408.97770000015,0.0,109408.97770000015,0,0.0,0.0940897770000022
2024-08-23,109408.97770000015,0.0,109408.97770000015,0,0.0,0.0940897770000022
2024-08-26,109408.97770000015,0.0,109408.97770000015,0,0.0,0.0940897770000022
2024-08-27,109408.97770000015,0.0,109408.97770000015,0,0.0,0.0940897770000022
2024-08-28,109408.97770000015,0.0,109408.97770000015,0,0.0,0.0940897770000022
2024-08-29,109408.97770000015,0.0,109408.97770000015,0,0.0,0.0940897770000022
2024-08-30,-23587.909399999844,132956.0,109368.09060000016,100,-0.000373708820423313,0.09368090600000234
2024-09-02,-23587.909399999844,131956.0,108368.09060000016,100,-0.009143434748782209,0.08368090600000233
2024-09-03,-23587.909399999844,131758.0,108170.09060000016,100,-0.0018271061057155702,0.08170090600000224
2024-09-04,-23587.909399999844,132430.0,108842.09060000016,100,0.00621243817281214,0.08842090600000208
2024-09-05,-23587.909399999844,132156.0,108568.09060000016,100,-0.0025174084629352445,0.08568090600000211
2024-09-06,-23587.909399999844,132256.0,108668.09060000016,100,0.0009210809497279815,0.08668090600000222
2024-09-09,-23587.909399999844,129464.00000000001,105876.09060000017,100,-0.02569291486198233,0.05876090600000228
2024-09-10,-23587.909399999844,129458.0,105870.09060000016,100,-5.6670018377280584e-05,0.05870090600000211
2024-09-11,-23587.909399999844,128956.0,105368.09060000016,100,-0.004741660247525981,0.05368090600000208
2024-09-12,-23587.909399999844,125947.0,102359.09060000016,100,-0.02855703261647602,0.02359090600000191
2024-09-13,-23587.909399999844,122185.99999999999,98598.09060000014,100,-0.03674319474659349,-0.014019093999998233
2024-09-18,-23587.909399999844,119122.0,95534.09060000016,100,-0.031075652493416372,-0.04465909399999812
2024-09-19,-23587.909399999844,117039.00000000001,93451.09060000017,100,-0.021803735053296025,-0.06548909399999792
2024-09-20,-23587.909399999844,117458.99999999999,93871.09060000014,100,0.004494329571793854,-0.06128909399999827
2024-09-23,-23587.909399999844,118522.0,94934.09060000016,100,0.011324040161945437,-0.05065909399999802
2024-09-24,-23587.909399999844,118965.00000000001,95377.09060000017,100,0.004666395361246689,-0.04622909399999786
2024-09-25,-23587.909399999844,132127.0,108539.09060000016,100,0.13799959630976577,0.08539090600000199
2024-09-26,108427.47410000015,0.0,108427.47410000015,0,-0.0010283530051983236,0.08427474100000198
2024-09-27,108427.47410000015,0.0,108427.47410000015,0,0.0,0.08427474100000198
2024-09-30,108427.47410000015,0.0,108427.47410000015,0,0.0,0.08427474100000198
2024-10-08,108427.47410000015,0.0,108427.47410000015,0,0.0,0.08427474100000198
2024-10-09,108427.47410000015,0.0,108427.47410000015,0,0.0,0.08427474100000198
2024-10-10,108427.47410000015,0.0,108427.47410000015,0,0.0,0.08427474100000198
2024-10-11,108427.47410000015,0.0,108427.47410000015,0,0.0,0.08427474100000198
2024-10-14,108427.47410000015,0.0,108427.47410000015,0,0.0,0.08427474100000198
2024-10-15,108427.47410000015,0.0,108427.47410000015,0,0.0,0.08427474100000198
2024-10-16,108427.47410000015,0.0,108427.47410000015,0,0.0,0.08427474100000198
2024-10-17,108427.47410000015,0.0,108427.47410000015,0,0.0,0.08427474100000198
2024-10-18,108427.47410000015,0.0,108427.47410000015,0,0.0,0.08427474100000198
2024-10-21,108427.47410000015,0.0,108427.47410000015,0,0.0,0.08427474100000198
2024-10-22,108427.47410000015,0.0,108427.47410000015,0,0.0,0.08427474100000198
2024-10-23,108427.47410000015,0.0,108427.47410000015,0,0.0,0.08427474100000198
2024-10-24,108427.47410000015,0.0,108427.47410000015,0,0.0,0.08427474100000198
2024-10-25,108427.47410000015,0.0,108427.47410000015,0,0.0,0.08427474100000198
2024-10-28,108427.47410000015,0.0,108427.47410000015,0,0.0,0.08427474100000198
2024-10-29,-37073.16299999984,145456.0,108382.83700000016,100,-0.0004116770253157487,0.0838283700000022
2024-10-30,-37073.16299999984,144797.0,107723.83700000016,100,-0.006080298488588154,0.07723837000000233
2024-10-31,-37073.16299999984,144456.0,107382.83700000016,100,-0.0031655018006832014,0.0738283700000022
2024-11-01,-37073.16299999984,144536.0,107462.83700000016,100,0.0007449980111813304,0.07462837000000233
2024-11-04,-37073.16299999984,145262.0,108188.83700000016,100,0.006755823876118283,0.08188837000000238
2024-11-05,-37073.16299999984,146057.0,108983.83700000016,100,0.007348262741746714,0.0898383700000025
2024-11-06,-37073.16299999984,148578.0,111504.83700000016,100,0.0231318704625898,0.11504837000000268
2024-11-07,-37073.16299999984,148686.0,111612.83700000016,100,0.0009685678478683624,0.11612837000000265
2024-11-08,-37073.16299999984,152557.0,115483.83700000016,100,0.03468239052108313,0.15483837000000267
2024-11-11,112056.08480000017,0.0,112056.08480000017,0,-0.02968166185887977,0.12056084800000266
2024-11-12,112056.08480000017,0.0,112056.08480000017,0,0.0,0.12056084800000266
2024-11-13,112056.08480000017,0.0,112056.08480000017,0,0.0,0.12056084800000266
2024-11-14,112056.08480000017,0.0,112056.08480000017,0,0.0,0.12056084800000266
2024-11-15,112056.08480000017,0.0,112056.08480000017,0,0.0,0.12056084800000266
2024-11-18,112056.08480000017,0.0,112056.08480000017,0,0.0,0.12056084800000266
2024-11-19,112056.08480000017,0.0,112056.08480000017,0,0.0,0.12056084800000266
2024-11-20,112056.08480000017,0.0,112056.08480000017,0,0.0,0.12056084800000266
2024-11-21,112056.08480000017,0.0,112056.08480000017,0,0.0,0.12056084800000266
2024-11-22,112056.08480000017,0.0,112056.08480000017,0,0.0,0.12056084800000266
2024-11-25,112056.08480000017,0.0,112056.08480000017,0,0.0,0.12056084800000266
2024-11-26,112056.08480000017,0.0,112056.08480000017,0,0.0,0.12056084800000266
2024-11-27,112056.08480000017,0.0,112056.08480000017,0,0.0,0.12056084800000266
2024-11-28,112056.08480000017,0.0,112056.08480000017,0,0.0,0.12056084800000266
2024-11-29,-31765.04859999982,143777.0,112011.95140000018,100,-0.0003938509905888621,0.12011951400000287
2024-12-02,-31765.04859999982,143966.0,112200.95140000018,100,0.001687319947896171,0.12200951400000282
2024-12-03,-31765.04859999982,144064.0,112298.95140000018,100,0.0008734328789301582,0.1229895140000028
2024-12-04,-31765.04859999982,143456.0,111690.95140000018,100,-0.005414120011097423,0.11690951400000271
2024-12-05,-31765.04859999982,143456.0,111690.95140000018,100,0.0,0.11690951400000271
2024-12-06,-31765.04859999982,143263.0,111497.95140000018,100,-0.0017279824155925771,0.11497951400000272
2024-12-09,-31765.04859999982,143776.0,112010.95140000018,100,0.004600981395251003,0.1201095140000028
2024-12-10,-31765.04859999982,146974.0,115208.95140000018,100,0.028550779723133246,0.1520895140000027
2024-12-11,113744.28550000019,0.0,113744.28550000019,0,-0.012713125865669417,0.13744285500000286
2024-12-12,113744.28550000019,0.0,113744.28550000019,0,0.0,0.13744285500000286
2024-12-13,113744.28550000019,0.0,113744.28550000019,0,0.0,0.13744285500000286
2024-12-16,113744.28550000019,0.0,113744.28550000019,0,0.0,0.13744285500000286
2024-12-17,113744.28550000019,0.0,113744.28550000019,0,0.0,0.13744285500000286
2024-12-18,113744.28550000019,0.0,113744.28550000019,0,0.0,0.13744285500000286
2024-12-19,113744.28550000019,0.0,113744.28550000019,0,0.0,0.13744285500000286
2024-12-20,113744.28550000019,0.0,113744.28550000019,0,0.0,0.13744285500000286
2024-12-23,113744.28550000019,0.0,113744.28550000019,0,0.0,0.13744285500000286
2024-12-24,113744.28550000019,0.0,113744.28550000019,0,0.0,0.13744285500000286
2024-12-25,113744.28550000019,0.0,113744.28550000019,0,0.0,0.13744285500000286
2024-12-26,113744.28550000019,0.0,113744.28550000019,0,0.0,0.13744285500000286
2024-12-27,113744.28550000019,0.0,113744.28550000019,0,0.0,0.13744285500000286
2024-12-30,113744.28550000019,0.0,113744.28550000019,0,0.0,0.13744285500000286
2024-12-31,113744.28550000019,0.0,113744.28550000019,0,0.0,0.13744285500000286
